Date,AAPL,MSFT,NVDA,GOOG,AMD
2022-01-04,-0.012772782032920978,-0.01729602349516437,-0.027976234045580774,-0.004545748467232811,-0.03950834367818823
2022-01-05,-0.026960014411709563,-0.03914395253183581,-0.05928562033135294,-0.04796176555627691,-0.058968534053937004
2022-01-06,-0.016834139458977767,-0.007933335284672528,0.020580827436759912,-0.0007449247325194847,0.0005874281254335956
2022-01-07,0.0009879555426054482,0.0005096269421160096,-0.03359799907519133,-0.003981097504018001,-0.03154267982948299
2022-01-10,0.00011599561437398314,0.0007319897450710398,0.005599419629909139,0.011390745809811323,0.0
2022-01-11,0.016644624166307673,0.002256747137193719,0.015104293702519317,0.010362799608030828,0.039439202967038435
2022-01-12,0.0025669330295332925,0.010390840504634746,0.006521571637111033,0.011577674275097715,0.0011645948096974897
2022-01-13,-0.019211557195841052,-0.043244303451896816,-0.052198000497462496,-0.01792895665068894,-0.03501335126244453
2022-01-14,0.005097823494740971,0.017561521000617336,0.013715528185943788,0.004700227326899606,0.03071229615548802
2022-01-18,-0.019074993803925036,-0.02464028366912289,-0.03932759289025747,-0.02532766283064603,-0.036833241876412584
2022-01-19,-0.021249147240717005,0.0022443083800904374,-0.03280665054203203,-0.004695930433605211,-0.02813397275963759
2022-01-20,-0.01040083761264062,-0.005719690022946533,-0.037267761665369374,-0.015942524728141807,-0.05101845695975154
2022-01-21,-0.012847273454458574,-0.018640722579063917,-0.032659882271691566,-0.02590842135061443,-0.025593435738980687
2022-01-24,-0.004876228879134567,0.001147771207060297,-8.568269903126055e-05,0.002150203712762553,-0.01937681781163679
2022-01-25,-0.011449973209136084,-0.02694821108740166,-0.045876469250001814,-0.02828968153856155,-0.04744807762721297
2022-01-26,-0.0005634281822269327,0.028094879024143746,0.019869465326508736,0.019568982636920713,-0.003786500880742011
2022-01-27,-0.0029472440987528513,0.010493975647556948,-0.037037842210429224,-0.0009212180852008,-0.07607624373722109
2022-01-28,0.06745064409031745,0.027694322438579458,0.04001937868971122,0.031773498532005416,0.025405518008881734
2022-01-31,0.025790207570119548,0.008784850138305149,0.0695881804111304,0.017911923684204776,0.08214559390087749
2022-02-01,-0.0009730168528131751,-0.007164144421454625,0.0061885860123861896,0.015937190113482803,0.021902782628062088
2022-02-02,0.0070194824854718126,0.015107376981641354,0.02421935669303252,0.0710861216337052,0.049939434750840915
2022-02-03,-0.01686109631608337,-0.03973103775662676,-0.05262463359035024,-0.03706109187596829,-0.022073044579387403
2022-02-04,-0.001680849461233953,0.015448207445285347,0.015373078004898762,0.0025587569646710272,0.02889233010446198
2022-02-07,-0.004243484531092219,-0.01644479228188573,0.016678335175648134,-0.02892868658949612,0.00056618026970084
2022-02-08,0.018298221434666143,0.011923893724373802,0.01525029044878451,0.001977575026121654,0.03620878020429996
2022-02-09,0.008259628643970179,0.021599888940406656,0.06166431682027552,0.01596216566297306,0.035395224996439205
2022-02-10,-0.023881697871349715,-0.028783335770696986,-0.03354656724492482,-0.02035741981095846,-0.05476590278071969
2022-02-11,-0.02042592504238925,-0.02457353626192239,-0.0753776413602103,-0.032800582106436535,-0.1054753409572586
2022-02-14,0.0014224979694180654,-0.00013566631666180845,0.013190871221285056,0.00868506017385491,0.009584565370660275
2022-02-15,0.022888437211422114,0.01837240316755091,0.08783846831785781,0.008284093860321697,0.061103288980186396
2022-02-16,-0.0013899259251409697,-0.0011678313659368262,0.0006037156925525987,0.007754305574850233,-0.03161325912764793
2022-02-17,-0.021498511286281104,-0.029719047198009583,-0.07860078395503767,-0.038396450718232604,-0.04625704727183443
2022-02-18,-0.009399927812595394,-0.009678075670280322,-0.0359338730238659,-0.014012427416670413,0.01290910106087836
2022-02-22,-0.017972832936507106,-0.0007295033910364284,-0.010716495838453485,-0.008196279707979261,0.015862278448389767
2022-02-23,-0.026204741261360028,-0.026234217298703382,-0.04382811547657203,-0.014145059064839066,-0.052272218431069876
2022-02-24,0.016542788981277055,0.04983110722809426,0.059017880276400966,0.03910854909801595,0.06053885532605262
2022-02-25,0.012882103893982241,0.009191020255504516,0.017076025275958123,0.013817696334105099,0.03745123153026133
2022-02-28,0.001636396408462294,0.004965455895861254,0.009393744379844957,0.0027582005298548455,0.018658469575542513
2022-03-01,-0.011695871259928872,-0.012935150011970107,-0.03794676643893744,-0.005374357608978275,-0.08023861644917647
2022-03-02,0.02037903348009124,0.017609788316583583,0.03132780704321624,0.004339555593007304,0.03834856124082773
2022-03-03,-0.0019832793941620503,-0.014326403774652748,-0.0211133339078618,-0.0032967095453390583,-0.054734370765102465
2022-03-04,-0.01857958141918749,-0.020691186718046355,-0.03335749541235401,-0.016409817591211653,-0.03239994444534096
2022-03-07,-0.02400341282373321,-0.03850913302444648,-0.07156257524830555,-0.04376423175190954,-0.05167696562268887
2022-03-08,-0.011744930677543489,-0.011031771604459588,0.007558420378329704,0.006415996167308215,0.02475185728495075
2022-03-09,0.034398924571364425,0.044837941841731,0.06739901702695282,0.050461686468546936,0.050985316705728645
2022-03-10,-0.027562484742866447,-0.01013781136712907,-0.015589669169413983,-0.008883984842974356,-0.04221125867649044
2022-03-11,-0.02419920633244032,-0.019518016918237797,-0.024935457002585343,-0.016769895565462982,-0.02059383023309044
2022-03-14,-0.026921680808788453,-0.013045676486740435,-0.035463223330762544,-0.029039749018677768,-0.0197546939888789
2022-03-15,0.029245848223532142,0.038011067012639004,0.07420516153024768,0.02277375285705847,0.06695005327144413
2022-03-16,0.028602469859641558,0.0249006575746458,0.0641902269429849,0.030608049295509202,0.05377353055156917
2022-03-17,0.006433068942238537,0.0028157217834681595,0.010961904983162603,0.0067835428833409065,-0.0324171803344175
2022-03-18,0.020703298539013572,0.017493564187313983,0.06589772929259398,0.016219914060576813,0.01572314541775015
2022-03-21,0.008501317027356846,-0.004236069756111042,0.010566639021580405,-0.0023638485367667153,0.021449938387321756
2022-03-22,0.020587195585293164,0.0162466634651292,-0.007885931684843936,0.02745550338119457,-0.009883040171517737
2022-03-23,0.008199999319863134,-0.01514413383948754,-0.03413049721279248,-0.012727044628411977,-0.007520810454558243
2022-03-24,0.02242463643154773,0.015275589897694843,0.09362782804022692,0.020074631973260468,0.0564022428819544
2022-03-25,0.0037271473929470097,-0.0013820840469467427,-0.016403939098283003,0.0014813858292029689,-0.007160735187898798
2022-03-28,0.0050236607162875094,0.02285333584380688,0.018851952432887956,0.0030233090364620457,0.004751788393772814
2022-03-29,0.01895386785139079,0.01504547205748127,0.01536742971960014,0.009116608104675612,0.024562827512904544
2022-03-30,-0.0066717563698213255,-0.00492639922795667,-0.03429148460092182,-0.004236012970947364,-0.03308201916037515
2022-03-31,-0.01793565279658511,-0.01784097050236604,-0.014697821418827941,-0.021219782591585582,-0.08650827605686844
2022-04-01,-0.0017197375037530346,0.003593687971588598,-0.021260751494758163,0.007494291466692171,-0.010573296708596122
2022-04-04,0.023417243880069993,0.017777636135159806,0.02396923020539012,0.020697609915891448,0.021398003013379255
2022-04-05,-0.019123566062072477,-0.013070341999004594,-0.053642994754294765,-0.018121070385217534,-0.034141794224067094
2022-04-06,-0.018623234486030364,-0.03729271663111728,-0.060569160284422205,-0.027941936433822444,-0.02993241238202657
2022-04-07,0.0018022947264630454,0.006224395671799672,-0.008186808777937413,-0.00519644549209528,0.00048221276699846
2022-04-08,-0.011980113592663544,-0.014707645130666906,-0.04602840118059419,-0.01815004017166142,-0.02657445559842054
2022-04-11,-0.025847339941469313,-0.04022995909000719,-0.05339203061021095,-0.031950358846700735,-0.036602333642912696
2022-04-12,0.011457763301359267,-0.011281095175993195,-0.019023699137011768,-0.01101603270611694,-0.023589229691996075
2022-04-13,0.016210382996204368,0.019519961854016454,0.03198832343359292,0.014780365371392,0.02738191647940181
2022-04-14,-0.03044738444793165,-0.02745760733897667,-0.043493938997375255,-0.023554779214060555,-0.049066449804004764
2022-04-18,-0.0013316289222581152,0.0024627242218457227,0.024396363876920794,0.005548224205284333,0.008879457587999545
2022-04-19,0.01401662510302474,0.01689613549198649,0.018872523926812802,0.01988524513442636,0.031865193883183686
2022-04-20,-0.0010160372189799243,0.003708437099904851,-0.03278689353312604,-0.01766429150725854,-0.030481581761409672
2022-04-21,-0.004855517354883058,-0.019571500746608787,-0.06237460910716281,-0.026132892474494514,-0.04536589364446734
2022-04-22,-0.02821553008657119,-0.02444052319159225,-0.03365713525831443,-0.043543768995683046,-0.019215143758009243
2022-04-25,0.006714664098630173,0.024120017285021153,0.019636444187546023,0.029945072982698634,0.028520671890778268
2022-04-26,-0.03804250711224791,-0.03812119756869494,-0.05760172608112599,-0.03084834910153908,-0.0629152413518515
2022-04-27,-0.0014681730628467757,0.04698752681169357,-0.020052667172041388,-0.03825604207742281,-0.0029399678873941195
2022-04-28,0.04416582570071273,0.022380142396115927,0.07160670447266868,0.037465045824969415,0.054209726983229255
2022-04-29,-0.03729172669432365,-0.04271106395418159,-0.06446439295566844,-0.03793471896722126,-0.04705141466021663
2022-05-02,0.0019647378049196876,0.024734945917039206,0.051797377368064036,0.018874016905541184,0.04928004220402605
2022-05-03,0.009576558936592759,-0.009501414659645813,0.003526249747490803,0.008266750449830742,0.01425675870125477
2022-05-04,0.04018955907177508,0.028685245916153717,0.03666281355852192,0.03694152597081539,0.08706625388028799
2022-05-05,-0.05732821217481457,-0.04453151926682145,-0.07609989113715535,-0.048718119801839134,-0.057442406640835796
2022-05-06,0.0047158306647630014,-0.009491466189850245,-0.009008895604962201,-0.00935014357633179,0.015538535757307195
2022-05-09,-0.03375249925719987,-0.037645149553634426,-0.0969176432319239,-0.02252397437119403,-0.09892479865149745
2022-05-10,0.015983852639138693,0.018424858274389198,0.03734679366818113,0.013181650983005073,0.02707347596624255
2022-05-11,-0.05323369977964335,-0.03377411362751091,-0.056406601077317396,-0.0054562617768690175,-0.009170799411382354
2022-05-12,-0.027262388961685015,-0.02015934652842519,-0.027741259725474175,-0.007044639679060085,-0.009829781187642815
2022-05-13,0.03141787812405571,0.02234486069063502,0.0904366998714104,0.029212686087917723,0.08854177317609203
2022-05-16,-0.010729844497802558,0.0014543202274408227,-0.025280314959185445,-0.014898154262308082,-0.009294584022146238
2022-05-17,0.025104789239324184,0.020139943249877494,0.05153381283584717,0.016493255912242138,0.08372538748911598
2022-05-18,-0.05807316907770329,-0.046598705784145766,-0.07059737832317836,-0.037546491409855665,-0.062309484488218846
2022-05-19,-0.024950079723063522,-0.003706409040302657,0.010921141376526888,-0.014838065986867538,0.004042497299028882
2022-05-20,0.0017456370299084524,-0.002293815976485311,-0.025431406447918786,-0.013019485052680323,-0.033341661240580626
2022-05-23,0.03933548658582477,0.031529533700657475,0.012145998473743327,0.021301264631951974,0.016652022866286274
2022-05-24,-0.01940294909653879,-0.003959406581114619,-0.04502790355344877,-0.05277588895892678,-0.041997214611117537
2022-05-25,0.001139331097344073,0.01110801749486738,0.04957405278943455,-0.0008168929258863127,0.01621272465083974
2022-05-26,0.022934406368045248,0.012793366665434147,0.05031807510524566,0.02294435398357565,0.06376243458058146
2022-05-27,0.03994828175488376,0.027230043993597124,0.05238206873717246,0.040739347321114575,0.03492720676080816
2022-05-31,-0.005360866386231396,-0.005026394576348219,-0.007416772817212752,0.010932979608550114,-0.0039192830935176155
2022-06-01,-0.000873537839189424,0.002020875677938392,-0.019031590916640206,0.0008588682065017339,-0.006302949602689425
2022-06-02,0.016671478345979675,0.007897793136980634,0.06712791202716038,0.031130432269927455,0.07028291065879007
2022-06-03,-0.03931849929757719,-0.01674666863834682,-0.045528909862973546,-0.02739618342247375,-0.02131397444780417
2022-06-06,0.005213964595609311,-0.004714386593236829,0.00351934762017116,0.021130045290445484,-0.006133555551980251
2022-06-07,0.0174330563559882,0.013856926393243416,0.007424831388257939,0.0018698337483074746,-0.003508302522655502
2022-06-08,-0.005056106580049556,-0.007699090285531401,-0.01458627258359442,7.246936141408924e-05,-0.0326315007792257
2022-06-09,-0.03661794797485363,-0.021002539637613633,-0.032704132803080425,-0.019987078045138995,-0.030894319560898133
2022-06-10,-0.03939460246363812,-0.04558695099109794,-0.06135216880218576,-0.030844793093571837,-0.04111728138656111
2022-06-13,-0.03903721826464704,-0.04333840144064447,-0.08140333650406285,-0.04170009748713378,-0.0861872092932443
2022-06-14,0.006650710732219934,0.009162742942767867,0.012006607742552732,0.002966277904985752,0.0
2022-06-15,0.01991187443615458,0.029301791679206064,0.042709715150831,0.02938394094270004,0.026208377094419113
2022-06-16,-0.040459059808821606,-0.027340413859790077,-0.05766055577093916,-0.03460304663621769,-0.08467266732669369
2022-06-17,0.011467551667353932,0.010880839278799728,0.01772532919120618,0.011463935419270212,-0.005867311158764454
2022-06-21,0.032235278970070884,0.024293601464385334,0.04229214856884242,0.037747734279309955,0.026852135980431832
2022-06-22,-0.0038347420904044963,-0.0024069742719592295,-0.01251310645402689,0.00016950690194933817,-0.0004775088464703896
2022-06-23,0.02134453248783459,0.02238422635550804,-0.008286191750053953,0.005789561640646001,-0.015886718677797975
2022-06-24,0.0242213422482103,0.033579564550338024,0.05404446148593371,0.05064175002092158,0.05487780536623891
2022-06-27,0.0,-0.010552383653738997,-0.015120006846511234,-0.016291559808167336,-0.010621182041893737
2022-06-28,-0.030242234015723568,-0.03226376272608657,-0.0540147117920025,-0.035353529429473556,-0.06447668032790861
2022-06-29,0.012939608892437648,0.014630345113405193,-0.02791706057070501,-0.00280207148087717,-0.035148809072489795
2022-06-30,-0.018191995447481808,-0.013266813050610622,-0.024951464992119612,-0.026027124645412493,-0.019682062932027213
2022-07-01,0.01603526467742283,0.010650539099869545,-0.04286093126401024,-0.0026687055809127545,-0.037302887179396726
2022-07-05,0.01875314353786224,0.012518685515845797,0.029913724217254124,0.04311610319009715,0.020555554534006978
2022-07-06,0.009561561516359228,0.012701735629454196,0.011032395192832667,0.01158011427933488,0.0019927144480472907
2022-07-07,0.0237158438089127,0.00819314129014703,0.046994341685024484,0.0349046737796655,0.05109426230255185
2022-07-08,0.004703506714593608,-0.002761058678734494,-0.0012617400099649314,0.007203352827954665,0.0006302606181832836
2022-07-11,-0.014867817781807175,-0.011838373898758008,-0.044279602380587084,-0.03081050899586572,-0.03071260711677352
2022-07-12,0.0068104680320056725,-0.04184482286304917,-0.004630716804005803,-0.014461875400133786,-0.0076968137752899835
2022-07-13,-0.0025395498303291534,-0.0037519849967509967,0.005422183971506914,-0.023455367100873172,0.015076917427786404
2022-07-14,0.02027527400005432,0.005366881777754642,0.013623577073316418,-0.006680770694189884,0.01383575574353011
2022-07-15,0.011385105437985418,0.010336925772161392,0.0250542110142373,0.011837319470958518,0.03143458558529574
2022-07-18,-0.020859154455366957,-0.009668155743516262,0.021279626440075,-0.025661858945798106,0.003937493619508253
2022-07-19,0.02637095331487062,0.020554481439461588,0.05386120519680882,0.0419604489696582,0.053207181802207
2022-07-20,0.013419491920606914,0.010502304315377544,0.046848646446350305,0.0006976151566453908,0.04050525874159007
2022-07-21,0.014981341145960432,0.009751188088296303,0.013554335164401958,0.0029600312693733545,0.018391788782975007
2022-07-22,-0.00814381420116785,-0.017060701069008647,-0.04134152776183368,-0.059821085653603,-0.03337547293123661
2022-07-25,-0.007425790599524047,-0.005893834419812809,-0.017180110000745086,-0.0013850797475211762,-0.006376673401144364
2022-07-26,-0.008865120592349592,-0.027139230352490305,-0.029265600748753232,-0.025931657918740428,-0.0265077260575117
2022-07-27,0.03366156198747511,0.06471229734269231,0.0732781482110414,0.07454142547710907,0.05221954809832848
2022-07-28,0.0035650185592586273,0.028140723177337356,0.010845902535702718,0.008676944798102873,0.02038748773731374
2022-07-29,0.03226731456834188,0.015543905855135334,0.00990417900399739,0.017731772466385055,0.030087184703370115
2022-08-01,-0.006172700461592868,-0.009771809356026088,0.015189687735522024,-0.009994905435895473,0.0241580120493586
2022-08-02,-0.009330794456258748,-0.011540681683443382,0.004598623930699663,0.0036304566175145337,0.025604521514246557
2022-08-03,0.03753421640095918,0.02745593427017855,0.019616565957238454,0.02454524665435725,-0.01215948302419638
2022-08-04,-0.001927871274475542,0.004168459479804118,0.016899732748697265,0.0007573322189978328,0.0576397878655967
2022-08-05,-0.001390053285410951,-0.0026120882059368668,-0.01183158534562205,-0.00548311584323288,-0.015517779079626547
2022-08-08,-0.002907207560086923,-0.00919708922095445,-0.06505443412690695,-0.0006769666162360587,-0.022137457975275627
2022-08-09,0.00030334048291551496,0.007038447560862176,-0.04054605293224654,-0.005431967833460834,-0.04632492050826578
2022-08-10,0.02585722843055267,0.02400985173761259,0.05748700097833625,0.026455420773401433,0.03607978641035946
2022-08-11,-0.004441488430849045,-0.00742827226370736,-0.008602163002577871,-0.006903217568677088,-0.009433556572475741
2022-08-12,0.02119922757902802,0.016894005029519935,0.04186036483072917,0.023344241857613253,0.027244701182584853
2022-08-15,0.006313641492295279,0.005329594627914546,0.017117430052787947,0.0018734572777341812,0.0017835944248511513
2022-08-16,-0.0009243743476023214,-0.0025931219108193517,-0.008071780683643618,-0.0030155461157554356,-0.008051384795696228
2022-08-17,0.008746358476926931,-0.002639338546169429,-0.029237998695539273,-0.01803788170298783,-0.019449399980073515
2022-08-18,-0.0022942339319069163,-0.0039555929022587885,0.023607711466418903,0.004478002670113574,0.021841800382469453
2022-08-19,-0.015217041351516265,-0.013950930067739314,-0.05047216966955908,-0.02293170883676679,-0.045733367948496154
2022-08-22,-0.023298557033240748,-0.029794335751771324,-0.046736108093785374,-0.02616051842856109,-0.03294964868714674
2022-08-23,-0.002031088905996843,-0.004727864764501843,0.008592441758008782,-0.0026104903886569127,-0.0037770344915643472
2022-08-24,0.001792187849714357,-0.002354048154524059,0.0023836658791002124,-0.0006101899906071777,0.0025915735440062765
2022-08-25,0.014812387881772034,0.011034238901123686,0.039338986033062594,0.025819030985089534,0.04687285110477742
2022-08-26,-0.038428220931309834,-0.0393513848106173,-0.09681837909809841,-0.055909739976514244,-0.06372935398581657
2022-08-29,-0.01378489359693918,-0.01072526325903463,-0.028634989485012658,-0.008662688700864124,-0.029946050993921617
2022-08-30,-0.015423727127646395,-0.008557395933047317,-0.021299904029472606,-0.003904666434014743,-0.017671273496180372
2022-08-31,-0.010691995883695618,-0.0057202993567945755,-0.024476156933373017,-0.006938859986473427,-0.024097547298343052
2022-09-01,0.0046960566743530635,-0.004100906470690208,-0.0797500361083891,0.012744992625633583,-0.030385122793044495
2022-09-02,-0.013704872992284164,-0.016807056109204264,-0.02102746287721353,-0.01706028190049538,-0.025713466520097577
2022-09-06,-0.00824901438012147,-0.011034615600403884,-0.013425976787237094,-0.011102975531963318,-0.019124848779770644
2022-09-07,0.009211435256233432,0.018931160422059216,0.018620635923056496,0.027529767480211152,0.01124245251635944
2022-09-08,-0.009664438443588675,0.0016647536705980067,0.019925463341005357,-0.009640820109512845,0.039046750806976026
2022-09-09,0.018664331779136477,0.02271698935297316,0.027982357862589617,0.021338932007385302,0.03174490227340706
2022-09-12,0.03778516594361263,0.008247011536636416,0.008168363680486502,0.0008048769504189792,-0.009524412948798786
2022-09-13,-0.060471443507884144,-0.05654749670640409,-0.09951767308397234,-0.060429154665597784,-0.09421202038108016
2022-09-14,0.009509720428285386,0.0009121357088798095,-0.0002284237805558766,0.005303513483081875,0.0054375869421743215
2022-09-15,-0.019111151896571536,-0.027493656578863216,-0.015274339133818572,-0.018782967495005444,-0.010252419736729506
2022-09-16,-0.011020771968480291,-0.0026115733279512294,0.02059227092618711,-0.002602041829319258,-0.0019586285585143364
2022-09-19,0.02477371442436442,-0.0008992738110674914,0.013845184810798822,0.002120698246574337,0.003392415947960866
2022-09-20,0.015543792898294712,-0.008501637049333063,-0.015513423198779595,-0.019642802041667615,-0.019997991483667366
2022-09-21,-0.020475678754609275,-0.014541285460024748,0.006430403038679099,-0.018034524032316857,-0.01028522558856342
2022-09-22,-0.006395739292311376,0.008459721480806648,-0.05423066342579426,0.005583787902015127,-0.0692039254696753
2022-09-23,-0.015239245408247323,-0.012779393411517109,-0.0035890034658560646,-0.01401848482112709,-0.02240746923857711
2022-09-26,0.0022577679825809644,-0.0019775306303948512,-0.023279383521769063,-0.0036367188189302476,-0.024729340110824
2022-09-27,0.0065445692052895615,-0.00438943293402869,0.015015846738602654,-0.007313435241862942,0.013036748797420086
2022-09-28,-0.012732294236004384,0.019519936162999844,0.0256884234346538,0.026657516246567783,0.017561175157114278
2022-09-29,-0.05036638316774045,-0.014919907964052861,-0.04135859999577084,-0.02665751624656776,-0.06371968242679818
2022-09-30,-0.030499646996569332,-0.019558327704223007,-0.006650563884730076,-0.01997584138184693,-0.012235427609837438
2022-10-03,0.030289248908891196,0.03310817465776407,0.030264732194937555,0.032236052312172934,0.04248727343860618
2022-10-04,0.025300251028959997,0.033253456469054456,0.051025505231673575,0.030838917619554703,0.02671602645924321
2022-10-05,0.0020513330377627346,0.0012848548803773576,0.003184763335592517,-0.0018571295336511284,0.0005889416300838184
2022-10-06,-0.006647897173063571,-0.009718127163722143,-0.005998937487391973,0.00019559049814137569,-0.0013256348753033303
2022-10-07,-0.0374097850509746,-0.05219127871143337,-0.08367945956118249,-0.026462028079780646,-0.14929880040853744
2022-10-10,0.0023529494196502902,-0.021533195991266105,-0.034198562673407026,-0.008674673133252125,-0.010838768533702027
2022-10-11,-0.010308081018428642,-0.01689213370935606,-0.007223998580532063,-0.006708662682904348,-0.0031185108670457305
2022-10-12,-0.004615362770053949,0.0015072413594227935,-0.007450409858604812,0.002546374050648851,0.003810143280624359
2022-10-13,0.03306025683900272,0.036918088341199376,0.03922061735193958,0.014241992514720503,0.018666526746521517
2022-10-14,-0.03277129087930105,-0.024547561674277865,-0.06324608110107172,-0.02570094329466529,-0.05224029078527811
2022-10-17,0.028706591129840465,0.03849513192838729,0.05720781061497581,0.03637483160395582,0.03547343843217706
2022-10-18,0.009365588140359577,0.00407537606555773,0.006623365676127442,0.006034506770270288,-0.0006903851926863856
2022-10-19,0.0007649183997924908,-0.008505794752899146,0.0069947279908337,-0.0109084598924848,-0.011984488041602558
2022-10-20,-0.0032726422046509733,-0.0013962080166638534,0.011796585151531563,0.0023903182309464653,0.009391389294729111
2022-10-21,0.026699798042360907,0.0249661979333634,0.022060799207301206,0.009405613729753038,0.018012310220475704
2022-10-24,0.014693930729899878,0.02096640655832465,0.010612411853216657,0.014575731700998035,-0.002042188106233722
2022-10-25,0.019153266648013388,0.013697529156095725,0.05121007477472424,0.018855924163886047,0.04610953094612056
2022-10-26,-0.01982245418131974,-0.08029538180661992,-0.027910285898034126,-0.10131307749205563,-0.028714871697103673
2022-10-27,-0.030939213860616977,-0.019953874944335703,0.02147988285935504,-0.023691287333296205,-0.019099728536255158
2022-10-28,0.07283482329469684,0.039432681509659256,0.048732261672510074,0.042082545716173904,0.05656096475002947
2022-10-31,-0.015530654434917822,-0.015983274579967826,-0.02466167493713396,-0.02008017391460948,-0.03195154987360462
2022-11-01,-0.017698193125443913,-0.017206714288014464,0.0034021146131066383,-0.0449416303909047,-0.006682308891524457
2022-11-02,-0.038018802371502826,-0.0360088115009491,-0.024214553610540413,-0.0386375192902346,-0.017415247334958372
2022-11-03,-0.04333017798917388,-0.026938425638880503,0.015165300700399717,-0.04198567162636376,0.024929698010961704
2022-11-04,-0.001949388871380389,0.03278212549870048,0.05331809289138112,0.037727075580267395,0.03401796582863271
2022-11-07,0.003894762026641934,0.028849557315270453,0.010190830764811728,0.022242306294494005,0.014209598088723218
2022-11-08,0.004166377845376426,0.004378741156242171,0.020829000286629866,0.0029285812995658647,0.012132767458342531
2022-11-09,-0.03375335768585993,-0.019233938687503702,-0.05823046365181362,-0.01712938177076117,-0.06352624993003846
2022-11-10,0.08523660451784222,0.07905896683663016,0.13391240594211962,0.0746063549555937,0.13338540231062204
2022-11-11,0.019085505412287682,0.016854533440380418,0.03597991205370824,0.026822036507076038,0.05539617586871442
2022-11-14,-0.009531117285636926,-0.022757118307879656,-0.001961974076334815,-0.007262965513146142,0.01590158277672371
2022-11-15,0.011799742674472974,0.0017372705845857671,0.022512468496547533,0.027626896488303958,0.03789651525773973
2022-11-16,-0.008366060972927278,0.0018218385600843596,-0.04642297946455293,0.002731204359419004,-0.04924864230237936
2022-11-17,0.012887929902442039,-0.00020710392385997085,-0.014753049525308428,-0.004962150012580734,0.016371506039982244
2022-11-18,0.003774576600834194,-0.0019049877860225998,-0.0172429053873574,-0.007131986606852596,-0.004475518805971448
2022-11-21,-0.02191865025769449,0.003434954249832753,-0.005988603810428899,-0.020348880383984108,-0.015202656964075502
2022-11-22,0.014554887138921047,0.012236338642762348,0.045997702492291695,0.015531501768780057,0.03778123079698833
2022-11-23,0.005908711918369293,0.010353204279001247,0.029550221092926706,0.01519267755193558,0.015166812515726574
2022-11-25,-0.01978790430646277,-0.00036361572272068144,-0.015188189634140035,-0.012422521941889768,-0.016629684121746972
2022-11-28,-0.026615411367675097,-0.023424767692897756,-0.027605713478861156,-0.013928478629513009,-0.02629419905272802
2022-11-29,-0.021375278902318853,-0.005932445969825744,-0.011949382264525119,-0.008451218131791685,0.00272884527018541
2022-11-30,0.04745008729204755,0.059799355542430224,0.07916157188676858,0.06106831965321836,0.05616623679674595
2022-12-01,0.0018897888377641498,-0.0017653218135258233,0.01244950307828337,-0.0016770477530103308,-0.001934033171920614
2022-12-02,-0.0033769078177671203,0.0012949229685010688,-0.015230961892490829,-0.0044530650445529976,-0.03279842578642893
2022-12-05,-0.008015346309059512,-0.01908134890902098,-0.015887243212046372,-0.009566598525941817,-0.01830469082039139
2022-12-06,-0.025697167912471383,-0.02051271705452925,-0.03822903921308194,-0.025967604564723554,-0.04657184782625293
2022-12-07,-0.013880775815558402,-0.0030645270937787214,0.008284910635427557,-0.022447145222043986,-0.0018516814220463878
2022-12-08,0.012059479582070725,0.012323165186651094,0.06304461535026817,-0.012691838279693491,0.00469386865111235
2022-12-09,-0.0034408528968905487,-0.008035668447064048,-0.009833244400248966,-0.009410794463060234,-0.027040406541313053
2022-12-12,0.01625706946461272,0.028479992157153005,0.030926894740311132,0.005250981104871785,0.02987443067290646
2022-12-13,0.0067598182815121225,0.017313894617005433,0.030164705147914153,0.024181623995675493,0.013772046777633181
2022-12-14,-0.015657672715268734,0.0011670152363664251,-0.02226887106989939,-0.00564974707210043,-0.03870167424557754
2022-12-15,-0.04798745706914814,-0.03243864784467438,-0.04170897809829238,-0.04407988122771886,-0.03543854591925399
2022-12-16,-0.014686252091914452,-0.017500978565286936,-0.022731976639655108,-0.0037351561479067458,-0.01697774744552009
2022-12-19,-0.01603778475716584,-0.017479861581533356,-0.019314878442704426,-0.018999367523667484,-0.01261566461351191
2022-12-20,-0.0005286867699752525,0.00559859652786707,-0.010451753919803412,0.005369659711497029,0.007096708525942241
2022-12-21,0.023530347663436996,0.01081803401617368,0.025533494504672283,0.0068934860709442365,0.039634467934520634
2022-12-22,-0.024059782637775102,-0.025860197437253766,-0.07302223552765362,-0.02229655428593145,-0.058097522962779834
2022-12-23,-0.0028017319494622484,0.002264395962273008,-0.00870839937688561,0.017409258864088235,0.010282004383371391
2022-12-27,-0.013975622168615953,-0.007441653868829684,-0.07402706648709918,-0.021155151641409586,-0.019563910833782443
2022-12-28,-0.03116600951152322,-0.010307916047642245,-0.006037539877787269,-0.016859139113351677,-0.011125365260953146
2022-12-29,0.02793076310380348,0.027254727865987826,0.03960138964927604,0.02839235724076582,0.035328267872429334
2022-12-30,0.002465801975461558,-0.004949604679854819,0.0007530227611998988,-0.002476116763280111,-0.0007717116390527107
2023-01-03,-0.038122284050505426,-0.0010012277787288981,-0.02067202710292313,0.010872399509923815,-0.01164699926028446
2023-01-04,0.010261397622346303,-0.04472889183381767,0.029867268642716403,-0.011097860459034008,0.009947346827667153
2023-01-05,-0.010661365174442846,-0.03008581209616731,-0.033366270442298555,-0.02211190980115233,-0.03669994873614295
2023-01-06,0.03613346734576504,0.011716445651193388,0.04079683060579814,0.015892513618654257,0.025814993454153806
2023-01-09,0.004080495568661327,0.009689307117942093,0.05045841002000802,0.007233310873342577,0.050010403118488936
2023-01-10,0.004446382550071215,0.0075883340383061625,0.01782089507627974,0.004942745350845615,0.01197449717310929
2023-01-11,0.02089254628781065,0.02979009245237771,0.005766001351915035,0.033281388075099935,0.014732882666596715
2023-01-12,-0.000599364046746198,0.01155418203754589,0.03137580067951975,-0.0038008070877092494,0.02488338719370984
2023-01-13,0.01006835915432337,0.003014253506341522,0.023227551758312013,0.009636700742239239,0.0028208332377184604
2023-01-17,0.008718174271791428,0.004670933215772286,0.04642321769838354,-0.006920365242164374,0.008275471212853493
2023-01-18,-0.005384799985749099,-0.019069873898334058,-0.018530060571215798,-0.004131968940454813,-0.014917214341654312
2023-01-19,0.00044380239851453336,-0.016590855920366437,-0.0358541985788068,0.022942729248929594,-0.04080426793626249
2023-01-20,0.019038522556261827,0.03511955864751634,0.06209385103901995,0.05560704400598033,0.03426087205089168
2023-01-23,0.023228638668534012,0.009776484513855783,0.07315849565519766,0.019253380605246815,0.08818806684403728
2023-01-24,0.010012878831735903,-0.0022285463368756676,0.0037442410030750343,-0.019958730663765353,-0.02420275358592863
2023-01-25,-0.0047121155897669065,-0.005925562203770096,0.0030063172871091677,-0.02531512779733074,0.0028073905613269514
2023-01-26,0.014694914020399267,0.03025112190876216,0.02448667111656847,0.024811101149766465,0.003331781422863936
2023-01-27,0.013591449772223319,0.000645147863823877,0.028034857075775146,0.015510333802624144,0.0031880719815874027
2023-01-30,-0.02028246268205068,-0.022206511109467315,-0.06088860635393199,-0.027788039206495897,-0.039910668606601446
2023-01-31,0.008980536164550043,0.020795071690723445,0.019380920451809648,0.01941229153249888,0.036589509858997046
2023-02-01,0.00786984929138207,0.019738465915078315,0.06949428935419111,0.015499597596387176,0.11892082439541483
2023-02-02,0.03639228450351374,0.045818489866056994,0.03592252109381544,0.07014235845879793,0.04244636293600509
2023-02-03,0.024107004685389885,-0.02390408327137293,-0.028453894541243602,-0.033457905468152596,-0.025460105703134547
2023-02-06,-0.018091597594457377,-0.006134452297548443,-0.0005214881844809967,-0.016771607497181262,-0.02839321416816104
2023-02-07,0.01906187008886309,0.04116295788394078,0.050123718077468724,0.04321989653541688,0.026300275313690558
2023-02-08,-0.01781040665871129,-0.0031066532577172633,0.0014422104435543735,-0.07733145914155555,-0.014302719516171819
2023-02-09,-0.006935620078450213,-0.011728254945817097,0.005926951640713526,-0.046462924655405025,-0.017630037851343053
2023-02-10,0.0024533382497779707,-0.001974783364054899,-0.04918188752111518,-0.0063052170352739245,-0.021009889351642733
2023-02-13,0.018632037586949042,0.030765054558174326,0.024296860463358026,0.0014748230454303855,0.0200479819453114
2023-02-14,-0.004233705554289796,0.003127886574930838,0.052873194401783355,-0.0005264497436301245,0.033360081819263296
2023-02-15,0.01380762358511439,-0.008025144377921406,-0.009052283530963285,0.022390902795558672,-0.008999028244874684
2023-02-16,-0.010484160553963815,-0.02698327128881969,-0.03404705730256781,-0.013687472734446177,-0.061740510205500615
2023-02-17,-0.007575473221073766,-0.015724743697467843,-0.028303182876802807,-0.01250216929215381,-0.01992753308392036
2023-02-21,-0.027042189222895523,-0.021107962003776303,-0.03487276473713864,-0.027219765431712912,-0.022284729675710338
2023-02-22,0.002892030424272777,-0.0046016283249738716,0.00478171762141623,-0.0027196698678146275,-0.002086270616926871
2023-02-23,0.003285104918984299,0.012878662602541344,0.1312158083350489,-0.00798383689835487,0.040169117169228497
2023-02-24,-0.018169532496734267,-0.02202523882283979,-0.016102610483893057,-0.01906723841486113,-0.02103478088638081
2023-02-27,0.008213811522261158,0.003764669795163684,0.009190696444927576,0.008358935985771896,0.008670210319754101
2023-02-28,-0.0034537779494067844,-0.002962437904884743,-0.012201445633145487,0.002217361615660627,-0.0024149336662233636
2023-03-01,-0.014348512103292145,-0.012709731970357702,-0.022564743850631966,0.0023228780608050585,-0.0036973448182288805
2023-03-02,0.0041207774280706865,0.019462627209394463,0.026777193688822774,0.019692131805003534,0.02709170264122543
2023-03-03,0.03448827436201839,0.016508946182460325,0.024405871341749236,0.018354904715316207,0.013336752480104337
2023-03-06,0.01836974493080607,0.00616994915413738,-0.014164112075264903,0.01645618418298835,-0.004425787655494856
2023-03-07,-0.014602613862897065,-0.01064544418474379,-0.011187692838860187,-0.014861982402064683,0.011637259074327897
2023-03-08,0.008342420157628077,-0.0017721955967781005,0.037628960148636585,0.005084222813066343,0.03893496404086092
2023-03-09,-0.015026962136519946,-0.005454152885159381,-0.03129390596943358,-0.021248877488881164,-0.01582091978176361
2023-03-10,-0.01397599387036772,-0.014893280712023681,-0.020301958102999226,-0.017967498590214757,-0.016317106297512866
2023-03-13,0.013178735492704725,0.021214314563842995,4.34702870475688e-05,0.007116709928808014,-0.00801554001888811
2023-03-14,0.013990915619167313,0.026696140436691645,0.04666066718484238,0.027864570175410865,0.06422594947070319
2023-03-15,0.0026178493099483077,0.01767334565397163,0.006833558775932987,0.024110294986845308,0.025180615599408738
2023-03-16,0.018521819786376455,0.039736403309284046,0.05277595595840914,0.045752356238334284,0.07433094325577853
2023-03-17,-0.005469237791938863,0.01162656246474919,0.007178482142156429,0.013659073415858917,0.012754728526719493
2023-03-20,0.015365280172473727,-0.026104447165898888,0.00677951552030174,-0.005186175249827437,-0.010583184435897567
2023-03-21,0.011873237657425371,0.005677606201124207,0.011478444536417838,0.03764219961591149,-0.009131507502355828
2023-03-22,-0.009145073992321277,-0.005457340823958757,0.010215053811969936,-0.01542436465577619,0.017053811141252193
2023-03-23,0.006945384755421269,0.019529926024992095,0.026949683365359956,0.01938483271203767,0.02729368796480309
2023-03-24,0.008271341903191091,0.010425732033919508,-0.015268015376398787,-0.0018840776457388346,-0.02350914788287815
2023-03-27,-0.012369542250188902,-0.015046542597592609,-0.009304159360730271,-0.028693526570635564,-0.013774851387164052
2023-03-28,-0.003988410344105907,-0.004169340956091442,-0.004571155831956759,-0.016632811946415433,-0.02144773400790964
2023-03-29,0.019597387996047905,0.01900211921849359,0.0215013595952593,0.005313267489767852,0.01605068633873872
2023-03-30,0.009841576228667763,0.012540702028545682,0.01467815646460354,-0.005707959759427416,0.018456996335830925
2023-03-31,0.0155228663214017,0.014851244798647235,0.014286066506883672,0.026107040590854395,0.0013273255633710216
2023-04-03,0.0076722312947438325,-0.0037180115325192078,0.006745471411652146,0.008711952866522208,-0.014904984571684652
2023-04-04,-0.003254909330986751,-0.00017429243123347245,-0.01847844991601033,0.0019997852465172545,-0.007171415767519757
2023-04-05,-0.011354699907908534,-0.009938303048439031,-0.02105563714305314,-0.0016185966883781005,-0.035136079228981085
2023-04-06,0.005480940667747181,0.025212228072715358,0.005786541200519834,0.036946090974942426,-0.000972775718329577
2023-04-10,-0.01610120921996045,-0.007607693491007521,0.01984832004729844,-0.018068649119608527,0.03203255583850966
2023-04-11,-0.007619905362620661,-0.02292941235622229,-0.014977958459615148,-0.007790953541599701,-0.015302969322203706
2023-04-12,-0.004363083186147206,0.0023308629045226425,-0.02512055683924855,-0.008517131425871407,-0.018244731690755772
2023-04-13,0.033535167993219615,0.022152298777043285,-0.0012085613742468264,0.027835617509959557,-0.0026028156495291133
2023-04-14,-0.002116162448373006,-0.012847832375744593,0.0110858111465297,0.011670171102802308,-0.003698833031960663
2023-04-17,0.00012103090828729154,0.009253011986881497,0.009077645526707746,-0.02816568185673757,-0.020703274702675203
2023-04-18,0.007476659013524876,-0.001489738519338019,0.024329332449160156,-0.012290866955508906,-0.0010019924748226158
2023-04-19,0.006943939050981292,0.0002770975540527187,0.009496830354864044,-0.0009517381489600029,0.0017805887302119103
2023-04-20,-0.005863331257672975,-0.00814538478623023,-0.030055848292754407,0.008344414739366212,0.0018883445329577148
2023-04-21,-0.009829056822264879,-0.0012239400598274407,0.0005532548004737536,9.436539586590543e-05,-0.018819870981664103
2023-04-24,0.0018768184695694314,-0.014061252764748825,-0.0028433835640943018,0.008180852022151307,-0.009772811989489509
2023-04-25,-0.009480613023466535,-0.02279381095975536,-0.030068045049632272,-0.020531344612751468,-0.044005426144003476
2023-04-26,-6.119478282388996e-05,0.06993160954545675,0.026882727355637757,-0.0015307361970555758,0.025216362849918763
2023-04-27,0.02799975933295934,0.031525413806734945,0.009966486539171558,0.036842949676256634,0.017303465034101153
2023-04-28,0.007512833757956263,0.007940081086101204,0.01902753068841575,-0.0013851644795545737,0.021832214336793086
2023-05-01,-0.000530600866861911,-0.005548227033920677,0.040987765146366734,-0.0047238772765534,0.003574221224399755
2023-05-02,-0.006210777083484772,-0.000490976530737121,-0.024511146847523813,-0.016191863207449312,0.002449903377108817
2023-05-03,-0.00648812469985491,-0.003312629677429995,-0.014568374548430019,0.001320033714040094,-0.09673484709901094
2023-05-04,-0.009962912884022948,0.003312629677429935,-0.008670041530716535,-0.008612115670130165,0.059340925761574424
2023-05-05,0.04585929078496957,0.017011847011123942,0.03976194430964335,0.00950691314525947,0.036614980277536756
2023-05-08,-0.0004035335979987864,-0.006459128307830803,0.01628918035523108,0.01888558577509787,0.05626759557979269
2023-05-09,-0.010021244106759726,-0.005360104773792527,-0.020096904139241506,-0.002775371482253657,0.0002103802556619065
2023-05-10,0.010366770860023711,0.01714846210065225,0.010930218646181496,0.03942022489727069,0.020408862713570678
2023-05-11,0.0010942563415707032,-0.007069351543835874,-0.01068525652607358,0.04032319252729568,0.0008242513661281508
2023-05-12,-0.005432192647809805,-0.0036827254347672625,-0.008363099841337313,0.008687574997603437,-0.01913134178479309
2023-05-15,-0.002901669338475898,0.0015846914154007661,0.0213995572333989,-0.008174570210165853,0.022216208516620976
2023-05-16,0.0,0.0073405394145975,0.008940104287903698,0.02640946964708494,0.041035541496239045
2023-05-17,0.0035967080259123253,0.00940724401861105,0.03249937044611309,0.011508256165940407,0.022122391299971473
2023-05-18,0.013573653016107176,0.014292264004806621,0.04850920925012394,0.016653288916179253,0.039498712553981574
2023-05-19,0.0006281502531633636,-0.0005653159302513568,-0.013155093270886249,-0.002188092452597898,-0.01974333707271768
2023-05-22,-0.005495776057090636,0.008881922650383482,-0.002818671115686215,0.021034778927169186,0.02039169253214797
2023-05-23,-0.015271000676917227,-0.018604058101095305,-0.01577703515711473,-0.0207103032816656,0.0011105196871161916
2023-05-24,0.0016306613574017693,-0.004482537592145891,-0.004899810069075685,-0.01347344837540553,0.0013863295062649232
2023-05-25,0.006670110758811777,0.03773674952336955,0.2180878827528389,0.022034252318936663,0.1057760752328018
2023-05-26,0.014006133165808888,0.02116021076068298,0.025116375728650085,0.00864768677699011,0.054019117875400785
2023-05-30,0.01060332651295869,-0.00505955774011114,0.029474526326144942,-0.006318245865597241,-0.013951888367289389
2023-05-31,-0.0002820911352531966,-0.008550703001587967,-0.058442501772779896,-0.010241546981776331,-0.058008685041151684
2023-06-01,0.015895469953263717,0.012678539097155753,0.04990473502708303,0.008072952791588062,0.01060260802942379
2023-06-02,0.004763937709330899,0.00844333770177716,-0.011201474502016381,0.006891066542491739,-0.013567819458404155
2023-06-05,-0.007599828939295464,0.0016087515532620634,-0.003974650105006931,0.011117305180329093,0.0005937461012668593
2023-06-06,-0.0020625310938358274,-0.006750114249039756,-0.013286370542813732,0.010057512726565451,0.0520434825578598
2023-06-07,-0.00778619419644187,-0.031354509277641086,-0.03087278968431691,-0.039630382540947015,-0.052891789982459365
2023-06-08,0.015346489775481174,0.00579686640547414,0.027243816061622315,-0.0021986767386735235,0.0269607853297388
2023-06-09,0.0021574548224209044,0.004692967071967756,0.006728934274087694,0.0016290486259182867,0.031469809162270816
2023-06-12,0.015517743151772366,0.015365214468725765,0.018197904773508307,0.011973279483111351,0.03361069011294636
2023-06-13,-0.0026150921960198387,0.007325852650947047,0.03826366809157272,0.0006431699787055668,-0.03673756693943092
2023-06-14,0.003485356044355269,0.009082530183737957,0.04702212729259275,-0.00040197135689587054,0.022235515035156438
2023-06-15,0.011136284848043375,0.03139849077733429,-0.00803282322570114,0.011272430122398605,-0.024566994319685332
2023-06-16,-0.0058770105788338075,-0.016714554625900012,0.000913780884733022,-0.013848446704315015,-0.03405695907221621
2023-06-20,0.00048653669128634867,-0.012581513502686853,0.025805051181194444,-0.0016942232133109346,-0.009623115268663943
2023-06-21,-0.005691407878984581,-0.013370999714322776,-0.017570493245840806,-0.02113414719998903,-0.05905454969544301
2023-06-22,0.016390186135373942,0.018269571195734285,-0.00046461737360499244,0.021295705247542113,-0.012656725462953124
2023-06-23,-0.0017128608080103662,-0.013902060143515678,-0.0191477919719893,-0.006885749082861336,-0.006252521976913741
2023-06-26,-0.007581408131876854,-0.019349010834882555,-0.03807747866578063,-0.032467378961877215,-0.022987403802656348
2023-06-27,0.014946793660490202,0.018004803496383587,0.03015673093675161,-0.0006719548790024767,0.02643565813401329
2023-06-28,0.006307788599883293,0.0038187828813460198,-0.01829114301495427,0.017243962926251268,-0.0019949337695051943
2023-06-29,0.0017948715241156504,-0.0023850878163911614,-0.007200456650434384,-0.00887648673071048,0.009665399430258608
2023-06-30,0.022839657517667814,0.016252843280247186,0.03561306222959648,0.007967515344580985,0.02371868489900137
2023-07-03,-0.007815206562885351,-0.007516329314517315,0.0026205125181798555,-0.00339507344110906,0.01662856410176193
2023-07-05,-0.005888532004622858,0.00047322860078043784,-0.0022659388982607894,0.017024141305778596,-0.016277530252588157
2023-07-06,0.0025055316124529205,0.0091844795569406,-0.005069794999756929,-0.013959830970171947,-0.004133089387771041
2023-07-07,-0.0059087077012779194,-0.011938581029381647,0.009455465926313252,-0.006554066530528279,-0.0027355427242028185
2023-07-10,-0.010915278437374531,-0.01611261604783537,-0.007628427153994193,-0.02759550221691081,0.003616353772396323
2023-07-11,-0.0028139454281184964,0.001926840061620162,0.005320122882100812,0.00716175611565552,-0.02009851665430183
2023-07-12,0.008945528945721402,0.014126563779702925,0.03469358909190693,0.0160960164155506,0.028864351044748243
2023-07-13,0.0040492920347134954,0.016062463858305655,0.046181511086742774,0.04263284021070768,0.011626997255568752
2023-07-14,0.000787047861844574,0.007501116975962265,-0.011110516694364723,0.006945206532230531,0.00017255475250505705
2023-07-17,0.01715737307183946,0.0014182029605725704,0.021582453089675487,-0.005104436763831658,0.020319978854219548
2023-07-18,-0.001341253696309538,0.03902839913144246,0.02198997868050658,-0.007867071430523901,-0.003301585133654228
2023-07-19,0.007046928429728828,-0.012343389233130997,-0.008818775892790233,-0.010532352615563376,-0.012800994019615045
2023-07-20,-0.010148747905648866,-0.02339302521116699,-0.03363267208676367,-0.02682683225967523,-0.054539722343078745
2023-07-21,-0.0061806726242146165,-0.008977175822046973,-0.026964036448995542,0.00650434096731415,0.006329107545943632
2023-07-24,0.004211148177275604,0.003890449425923087,0.00681512406388223,0.012965248314657054,-0.003069115440685689
2023-07-25,0.004503501830694278,0.016865952643406245,0.023635886990755372,0.007438635387290668,0.021377312280127302
2023-07-26,0.004534845491216489,-0.03836405693224084,-0.004982039053344816,0.05443991710297509,-0.026089638894716192
2023-07-27,-0.006602724339061134,-0.021093036800522085,0.009808487722854238,0.0016185448886212254,0.009132503093676232
2023-07-28,0.01341737621635399,0.02286782847865062,0.018348988971732216,0.023890200832988297,0.01660308272875037
2023-07-31,0.0031610878200602453,-0.007267010318291737,-0.00044919029713685535,0.0007516495944267207,0.012667326643748767
2023-08-01,-0.00428522135317404,0.0012494874462235387,-0.004762126074483982,-0.009207670756801326,0.027587930205566023
2023-08-02,-0.015611346413534396,-0.026634431334018268,-0.0493183153363125,-0.024950633980742522,-0.07273528932067129
2023-08-03,-0.007348526286316165,-0.0025680248647691195,0.0055415424077158056,0.001010327653381528,0.03416065239630408
2023-08-04,-0.0492111681922543,0.003422727880941344,0.0036999581330682528,-0.0017878669861859419,0.023322873597731025
2023-08-07,-0.017404269592684887,0.0070832038705526896,0.016360388643210835,0.026107143743715002,0.008511403104213878
2023-08-08,0.005297525892352638,-0.012375309025135409,-0.01671868400709333,-0.0007583175917747877,-0.03112748429396207
2023-08-09,-0.008994680410213115,-0.011785074141981388,-0.04839399595160168,-0.012901193810007082,-0.024677176038710277
2023-08-10,-0.0012353129308437238,0.0021702753226344393,-0.00390849247650762,0.00046084905259684506,-0.0021748795051453446
2023-08-11,0.00033759904928743124,-0.005963399407935826,-0.036836187736866255,-0.00030728778533305423,-0.024427326822208464
2023-08-14,0.009349043494950571,0.009394687827743149,0.0685309499724976,0.01267200222254702,0.040178518291804466
2023-08-15,-0.011263352759779513,-0.006750504454735231,0.004264884020847651,-0.011903959735050392,-0.005641933898792573
2023-08-16,-0.004971309707978889,-0.0024313489529748443,-0.010385803582509198,-0.008944576760955586,-0.038075396520064184
2023-08-17,-0.014662340002240192,-0.011046995902006038,-0.0032709854711777627,0.01040211657484492,-0.025990216272775746
2023-08-18,0.002812280069715523,-0.0012631552360899364,-0.0010387841706100743,-0.018177532995220708,0.009624110777364293
2023-08-21,0.0077070074302488505,0.01691879937435424,0.08131580908426132,0.006380438791544849,0.025929325509965438
2023-08-22,0.007873741013545852,0.0018001666308636887,-0.028047441236330226,0.0058771481966316385,-0.023939777098876014
2023-08-23,0.02171158380163829,0.013981234501433622,0.03121500314425882,0.026779983877706887,0.03505865182358548
2023-08-24,-0.02651907672291414,-0.02173310831888914,0.0009968386224774165,-0.0211668544601751,-0.0722749441247314
2023-08-25,0.0125640271961733,0.009363367362214017,-0.024576868393576694,0.002068158874370484,0.004410660828514588
2023-08-28,0.00880700444137649,0.00222663669770537,0.01759800881102464,0.008381449982873834,0.0035146048994724108
2023-08-29,0.02157585446891977,0.014445674568447505,0.04077163329188795,0.02768830850773064,0.03174867507916655
2023-08-30,0.018990872971546603,0.0011563211164825854,0.009791151278245399,0.010571849275770366,0.00630558944252516
2023-08-31,0.0011716069336421787,-0.003137535611808985,0.0018455573033185737,0.0030625620474243626,-0.00819556306141942
2023-09-01,0.008427967889243085,0.002742234226651762,-0.017289735311749713,-0.004012428652603782,0.03467369480354951
2023-09-05,0.0012656319766617427,0.014768834715055705,0.0008036709874763926,-0.0006578695577279443,0.01207844549958717
2023-09-06,-0.03644954377620902,-0.0020106015276964906,-0.031026005300946246,-0.009850308131936426,-0.013632856933729268
2023-09-07,-0.029685617516815505,-0.008962173920708218,-0.01757774396678756,0.006112604310990923,-0.02492372030798797
2023-09-08,0.003485676255867361,0.013129020676608066,-0.014573437910512391,0.007315482224350312,-0.004701908391788961
2023-09-11,0.006600839496891677,0.010919421620448816,-0.008683174677721697,0.003928033221367768,-0.0072844242217829785
2023-09-12,-0.017207902238252522,-0.018426511077672188,-0.006841010202586526,-0.012198362625643295,-9.49735210408409e-05
2023-09-13,-0.011925684293435547,0.012847850696712702,0.01361321722233283,0.010454400185976164,0.02253406365328725
2023-09-14,0.008744047413502804,0.007825227308922428,0.0021085294413756223,0.010778077043319357,-0.010077549590722894
2023-09-15,-0.004162573385434172,-0.025355666436335276,-0.03757668474984247,-0.004976805892131019,-0.04940462185997977
2023-09-18,0.016772069411412027,-0.0035191247421792965,0.0015022606887785082,0.00476090844357494,0.008633477349582324
2023-09-19,0.006161776746689317,-0.0012468731876449093,-0.010196062051944699,-0.0009358732855264555,-0.00745176625703344
2023-09-20,-0.020194721927510227,-0.024268888730663355,-0.02987658014328128,-0.031017268598006062,-0.012577578945493745
2023-09-21,-0.008929281025036463,-0.003873159558098579,-0.02935741784425982,-0.024291299400094092,-0.043071007373357235
2023-09-22,0.004932404195991862,-0.007917899560142768,0.014354017037582595,-0.0008376315724227958,0.0009359507628611127
2023-09-25,0.007353331783727967,0.001670451745332647,0.01460083213476675,0.0069849167918966575,0.01219149660116263
2023-09-26,-0.023676605125728205,-0.017151934789129356,-0.007393111851634106,-0.020794226542032418,-0.01468939411899349
2023-09-27,-0.008937298989591787,0.0020802546079012312,0.013202601445144247,0.015407911816990335,0.02175007786163785
2023-09-28,0.0015245046064224525,0.0027137892282995185,0.014516845421092179,0.012623558426171298,0.04671468673781047
2023-09-29,0.0030416041186451543,0.006704953014765482,0.00947014135447289,-0.009661189381628264,0.0005836906290763782
2023-10-02,0.014726778915574489,0.018979535271306303,0.029068356945275882,0.024868139352123026,0.004367001517634635
2023-10-03,-0.007800254525166703,-0.02648186824975966,-0.02865471115536043,-0.013930863034732172,-0.03137700072236899
2023-10-04,0.0072820788541545604,0.01761707011227657,0.011969480041697692,0.02203598532980049,0.03909386226279359
2023-10-05,0.007172207544990257,0.0012533402122214933,0.01458405444661259,-0.002056817509686242,-0.011208891283805391
2023-10-06,0.014642745519566012,0.024436009821244064,0.023749057844160405,0.01994833643491996,0.04121443801411439
2023-10-09,0.008415567083065862,0.007792060496057628,-0.01074323139027767,0.005534810914695604,-0.0025208607179888526
2023-10-10,-0.0033577330109869387,-0.004345093227758177,0.011529465546953459,-0.002152724242553036,0.018891208007234515
2023-10-11,0.007872888064923584,0.01219744448247514,0.021771183343042715,0.017800243019494198,-0.006442177430180952
2023-10-12,0.0050486638508278805,-0.0037977060570022238,0.0029651773041507435,-0.01000047125185162,0.004421963541805189
2023-10-13,-0.0103461843794976,-0.010411660878245604,-0.03212184266127823,-0.01226372613862976,-0.034602335818396515
2023-10-16,-0.0007272279633999011,0.014870992399212739,0.013849635292827534,0.013688535680106959,0.012952228114738876
2023-10-17,-0.008823521775649839,-0.0017454003720665842,-0.04792497502926012,0.003552622639940553,-0.012476529558710365
2023-10-18,-0.0074222478993718165,-0.0058897094263357305,-0.04045404334235921,-0.012202683521811726,-0.0286547149044851
2023-10-19,-0.0021634614008238444,0.0036586811457653945,-0.0022538447276181897,-0.002156349115838799,0.0022486528248833863
2023-10-20,-0.014813329070014251,-0.014134129579298072,-0.017104986115606395,-0.01624874000049831,-0.005778420367488481
2023-10-23,0.0006937490671638549,0.008079415691623282,0.037651961581441636,0.008447577415806004,-0.017838104790486947
2023-10-24,0.0025403482150699805,0.003667535797585186,0.01588226166919428,0.01597029601539092,0.016462053928692905
2023-10-25,-0.013583478260249486,0.030217014651029387,-0.04410712355854893,-0.10091390642130371,-0.056759285456038505
2023-10-26,-0.024913293906762324,-0.03823606597796293,-0.03539731953460048,-0.025830067918213385,-0.025195023148139473
2023-10-27,0.007937658212939992,0.0058384753843941355,0.004305534200148979,-0.00032414356333231807,0.02903941201392396
2023-10-30,0.012230080407866974,0.02248555522490657,0.016189314286407446,0.018864780153302833,-0.002595920664550334
2023-10-31,0.00281493875105588,0.002368900292923365,-0.009299624570054071,-0.003584915705882902,0.02383510915556163
2023-11-01,0.018565171424214842,0.023269794061265704,0.03718644600134603,0.017954360167473968,0.09244498922033811
2023-11-02,0.020482040968413284,0.006480554982020329,0.02752077801809732,0.007886048080889897,-0.0019456075234611124
2023-11-03,-0.005194570782518339,0.01277972353495604,0.03387470185582767,0.013825327690760274,0.04017259674744357
2023-11-06,0.014499555477247947,0.010517052767812717,0.016440035851725276,0.00824989380128733,-0.004464293128685493
2023-11-07,0.014347373633200917,0.011156882120842126,0.004449101002719018,0.007201087869174849,0.015097950832588148
2023-11-08,0.005867769909874925,0.007378505902041149,0.013379824639292544,0.00647436135302489,0.0012332576773470055
2023-11-09,-0.0026282335892125587,-0.006935019301807579,0.008040752616338121,-0.01185129387969764,-0.0008807335136381998
2023-11-10,0.022954607122496182,0.02459198141319228,0.02907260357619947,0.01783682555116113,0.04395742660630502
2023-11-13,-0.008620860376392408,-0.008121231059501983,0.005879109260046237,-0.0031379538045880674,-0.015294676966715992
2023-11-14,0.014184852168894315,0.009743007319556978,0.02108416659078577,0.013305385149348934,0.02611376140780329
2023-11-15,0.003036273527374948,0.0004058503342881236,-0.015587184349086439,0.006990200667358946,-0.01580659507170272
2023-11-16,0.009001447128841199,0.017430454702286005,0.01203651541382255,0.01686831731682685,0.015389462509196634
2023-11-17,-0.0001054736822827312,-0.016943701870508063,-0.0036848724988447165,-0.01277051924285675,0.006571043818514889
2023-11-20,0.009235658039369387,0.020314230900011578,0.02228610763620125,0.007130848445977523,0.0075160050448732805
2023-11-21,-0.0042399638047940485,-0.011645586913132167,-0.009267417221560216,0.005062636416189129,-0.019693977260461525
2023-11-22,0.003508451214830086,0.012731138765598974,-0.024894766305337348,0.01004891501618241,0.02772551816548359
2023-11-24,-0.007029173930064959,-0.0011121395263897812,-0.019484159409787455,-0.012938647440633156,-0.0016338912048067386
2023-11-27,-0.0009479577923658305,0.003121513949840387,0.009706736532939629,-0.0012307473476922239,0.002775997606953917
2023-11-28,0.0032089287259893305,0.010744883243034117,-0.008765326703694724,0.004120479772142856,-0.005231757049525361
2023-11-29,-0.005424304047760482,-0.010111250714949258,0.006648584851838163,-0.01614462337765268,0.014968117519096298
2023-11-30,0.003058247054151994,0.000158345419049289,-0.02887148397814888,-0.0183491824701104,-0.021959127230554338
2023-12-01,0.0067682626595565315,-0.011680115724588205,-0.00010675286998255534,-0.004490198724866535,0.001896481497255037
2023-12-04,-0.009509831427165768,-0.014442520132833403,-0.027202981417952823,-0.020383511811077757,-0.02350499698551396
2023-12-05,0.02084456852571799,0.009114606357764642,0.023026443425633036,0.013383281955550119,-0.0016037348350003604
2023-12-06,-0.00570340623704794,-0.01003605292019972,-0.023092367791789015,-0.0072779610420097085,-0.013265480061371848
2023-12-07,0.01008832498387199,0.005812772694154692,0.02373629429236708,0.052034890733481845,0.09428239506000835
2023-12-08,0.007385111631326556,0.008803208824843787,0.01934144172818617,-0.01315930446685923,0.004275361684394029
2023-12-11,-0.013011664627572684,-0.007860156508772533,-0.018676319891514907,-0.014299679344636888,0.041702814584660436
2023-12-12,0.00788911341758685,0.008260899929165502,0.021849832299171115,-0.007900580204663272,0.02352874438369558
2023-12-13,0.016553532984603006,-2.6639530748755607e-05,0.00900310664615896,0.002466289852040803,0.004205965769856122
2023-12-14,0.0007574861421362607,-0.022802554337023512,0.005433531917280216,-0.005764051397767117,-0.0013758823252139056
2023-12-15,-0.0027294525297530264,0.013031998421994245,0.011106669303257426,0.004793302570896174,0.00829875895184378
2023-12-18,-0.008539719157303057,0.005165664920303832,0.02398886955247179,0.024721723489997426,-0.0017982382905484837
2023-12-19,0.0053458351510768,0.0016354341599472228,-0.009490348275031618,0.006611298965165346,0.008959028242416718
2023-12-20,-0.010771709314756246,-0.007097894494132963,-0.030560490741821288,0.011232804837719785,-0.0339630114573976
2023-12-21,-0.0007703225944496083,0.007847822748598668,0.01810534601755633,0.015206736214056606,0.03224916231642571
2023-12-22,-0.005562954608680972,0.0027802981031079276,-0.0032713940469069253,0.006466912046044811,-0.0022181508702151273
2023-12-26,-0.0028449058920034177,0.00021355560614818426,0.009153097294607964,0.0007006363853179767,0.026926452227332306
2023-12-27,0.0005178434759163038,-0.0015759939937637398,0.002796565125585734,-0.009709606475237867,0.018378322727497044
2023-12-28,0.0022237876922612835,0.003229402261995604,0.0021224956197117557,-0.0011319173892768205,0.018248223125957776
2023-12-29,-0.0054389565440442445,0.002023121219493904,0.0,-0.002480347594639907,-0.00911638722831195
2024-01-02,-0.03644262419589229,-0.013843942518966623,-0.027722187354535948,-0.009768688011328104,-0.06177005548999063
2024-01-03,-0.007515884256732715,-0.000728334463851927,-0.012513567588582858,0.005715884452746223,-0.023805391374532737
2024-01-04,-0.012781428978508513,-0.007203232292623505,0.008978101630229678,-0.016667039608064604,0.0050859740190369
2024-01-05,-0.004021073049951996,-0.0005167361102802669,0.022638443973878312,-0.004719915923787069,0.01871941735549596
2024-01-08,0.023887337666045016,0.018695735830276825,0.062299465410242935,0.02259745991604843,0.05339089953592028
2024-01-09,-0.002266017027866786,0.002931519360163585,0.016832693287464846,0.014341989701618813,0.02085102595245252
2024-01-10,0.005655361023305351,0.018403684196590844,0.02251465366460852,0.008660555307382104,-0.004835477858489882
2024-01-11,-0.0032277412343440066,0.004847619816614294,0.008646893015471084,-0.0009045732547509383,-0.003506808408698639
2024-01-12,0.001776654506871416,0.00993414665548072,-0.002044966687843785,0.003959615905963452,-0.009912544365645384
2024-01-16,-0.012393745620926235,0.004622868402110405,0.030103510274633594,-0.0011099322588888196,0.07983279399976367
2024-01-17,-0.005186982860665437,-0.0020520232651328914,-0.005852275975587935,-0.008293621512643682,0.00896806148074212
2024-01-18,0.032051679794954734,0.01123405848410358,0.018628940360689794,0.014589545061814624,0.015487857773849764
2024-01-19,0.01541356868858327,0.012113044915627749,0.04089833316247055,0.02034489406614029,0.0686526433907456
2024-01-22,0.012089889638848546,-0.005432583628357567,0.0027361598368338285,-0.0017586015615470526,-0.035341450057983156
2024-01-23,0.006631340102181209,0.006009419397730378,0.003664463136297046,0.006545468640749045,0.0014260578750195706
2024-01-24,-0.0034900026320754418,0.009133472477766646,0.02456504896850306,0.011169436022486037,0.056950551659783584
2024-01-25,-0.0016982933926939163,0.005721868005287191,0.004147227852948734,0.021646399132538338,0.011377115483416342
2024-01-26,-0.00905365980231673,-0.0023244770668479253,-0.00955603614695153,0.0009756736039635094,-0.01722735046085398
2024-01-29,-0.003592127717602232,0.014232367598626613,0.023224523549012683,0.006804480116728465,0.0032668826399902978
2024-01-30,-0.019433638153196747,-0.0027617253697291956,0.004934520222776357,-0.011627648078420634,-0.03298480904829779
2024-01-31,-0.019547293273146422,-0.0273161453490328,-0.02006476464748032,-0.0763470586909568,-0.025726187685866302
2024-02-01,0.013252505904959133,0.015474005339442728,0.024087105131098338,0.006397047472947192,0.01650091141093672
2024-02-02,-0.005419850642328323,0.018258298580739487,0.048512693682222476,0.005798909830705845,0.041253669225576425
2024-02-05,0.009798417736726819,-0.013637675431655045,0.04683062025237597,0.009637350113242104,-0.019495391041721516
2024-02-06,0.008594832195490646,-0.0003945173594131178,-0.01612480800710364,0.0033063153572114143,-0.037126773362329564
2024-02-07,0.0005807961153288104,0.020890497788484355,0.0271266844668801,0.008696002891373166,0.018063164469587698
2024-02-08,-0.005771258139062135,0.00014495962398712852,-0.006555066534808385,0.0036747333592733336,-0.009345016715496299
2024-02-09,0.0040856119243833046,0.01543175538051983,0.03515851112325701,0.020172953048333782,0.018313647645254116
2024-02-12,-0.009042637658802314,-0.01265868395772217,0.0015928249284339704,-0.009968412597708335,-0.0033101575939884424
2024-02-13,-0.01133841114109853,-0.021763782321026322,-0.001662246201616262,-0.015994841684314184,-0.0021546689323925033
2024-02-14,-0.004821534692459365,0.009619031518969175,0.02427048605688869,0.005246774710290522,0.04089196866434465
2024-02-15,-0.001575822306112608,-0.007180985730718122,-0.016949551251128004,-0.021987881566638875,-0.010915555902259016
2024-02-16,-0.008466074698912904,-0.006168000939663645,-0.000619396850874447,-0.015261227424405513,-0.01648498372899972
2024-02-20,-0.004122502047318652,-0.003148214310682075,-0.04450799483341166,0.0030991550747811298,-0.04818927814058642
2024-02-21,0.004177347342255733,-0.0015154884950146779,-0.028923334206973177,0.011466889492333297,-0.008485469263696033
2024-02-22,0.011180995574265953,0.023273677029446417,0.15186989994483882,0.010236845188273247,0.10160404560163538
2024-02-23,-0.010084720883782722,-0.0031874139660924205,0.0035462454394772384,-0.0002064921760495358,-0.029802955048747408
2024-02-26,-0.0074790718469935945,-0.006846945176426929,0.0034830472124308546,-0.04605806646444938,-0.0028934282086895257
2024-02-27,0.008081679508252516,-0.00014732828675890504,-0.00495611476610974,0.009682781449062117,0.011242769895593712
2024-02-28,-0.006647554292306418,0.0005890313078200387,-0.01327675679993284,-0.019241664591894928,-0.008236108730287912
2024-02-29,-0.003699938639075557,0.014415349547824741,0.018485504479027737,0.016954857489477428,0.08670453783911994
2024-03-01,-0.006048665592779299,0.0044864235550246346,0.03925134335771642,-0.01223631282031841,0.051179023280503
2024-03-04,-0.025708930660786857,-0.0013968194404344277,0.03531973136079294,-0.02850218111695711,0.01333353685356989
2024-03-05,-0.028853126466599925,-0.030018008210392046,0.00853991156445032,-0.0031346753395608434,-0.0011205912374424134
2024-03-06,-0.0058956647393154935,-0.001391835724562205,0.031331277864868536,-0.009161230694319926,0.026459114581661235
2024-03-07,-0.0007097448073915754,0.017381563109973998,0.04377407861742048,0.02001563786887744,0.003554421801682048
2024-03-08,0.010184656394009246,-0.007162567939393686,-0.057075260601061384,0.007733980097462215,-0.019056408998621245
2024-03-11,0.01176214165144056,-0.004193802074253164,-0.020242825892027725,0.019257327927083068,-0.04436628840411305
2024-03-12,0.0027746624639803474,0.026251936044319864,0.06912667685437168,0.004882196510471878,0.02178819923404003
2024-03-13,-0.012196599684690397,-0.00043358581841746515,-0.01121468463246566,0.008202998808419588,-0.040100965790899
2024-03-14,0.01086785301038478,0.024087247094879048,-0.03292758910270164,0.025044131475995025,-0.04049261276635369
2024-03-15,-0.002198754504089453,-0.020912271819706438,-0.0012174820228760667,-0.015147938335240868,0.02115809410870054
2024-03-18,0.006352223787999733,0.0021589704779113126,0.007011150083768168,0.04342658648171576,-0.0021482477743164988
2024-03-19,0.013493672922372057,0.009753031898723034,0.01060438394384517,-0.003778607588288756,-0.049624479195434446
2024-03-20,0.014601848334602804,0.009023825433590336,0.010836162759772876,0.011828053642082599,-0.009359074101502251
2024-03-21,-0.041715416949944656,0.009688692453741642,0.011693748524727605,-0.0062997497107614014,-0.005859245499177124
2024-03-22,0.005295991010264726,-0.0014683306443416754,0.030736154349752076,0.020166357187994286,0.005414024091831177
2024-03-25,-0.008334976491322447,-0.013809495402373745,0.007533500951938256,-0.00409358171737111,-0.005693824789468562
2024-03-26,-0.006694924133391388,-0.0028654925886841616,-0.0260300247058736,0.003632285531732489,-0.004263735859771142
2024-03-27,0.02099074928685803,-0.0005219553399691495,-0.02528430740446074,0.0015807451351067155,0.009623535703339608
2024-03-28,-0.01061521604654511,-0.0016860223494033469,0.0011738834622262262,0.0021038816225852947,0.004998950371739003
2024-04-01,-0.008491633249479857,0.009109265601027627,7.746096640602256e-05,0.027466422967406524,0.015666927548329088
2024-04-02,-0.007023388484656268,-0.007399402062697353,-0.010132778322648353,-0.004033677735440604,-0.0256339274713794
2024-04-03,0.004785822120821301,-0.0023519363521845122,-0.005470282609811708,0.0032026393994531856,0.0115171235337182
2024-04-04,-0.004904274052619224,-0.006131253735332994,-0.03498983607443131,-0.02873926625400428,-0.08626235035378736
2024-04-05,0.0044916109677559735,0.01811757777722544,0.024185754812355967,0.013077196329453188,0.027302789387679813
2024-04-08,-0.006685780293286683,-0.0021879477019829873,-0.009992128252209576,0.014190198474005865,-0.0030559749017240326
2024-04-09,0.0072163158455357465,0.003972535201588706,-0.020628538184394855,0.012727564702296553,0.005166178577928455
2024-04-10,-0.01120170384144706,-0.0071097683677857635,0.01954916024823274,-0.0030397576346015715,-0.02154439041009766
2024-04-11,0.04236079026667146,0.010972888735368443,0.04027454184783823,0.01965820692940091,0.019903515802019715
2024-04-12,0.008589810693016188,-0.014191290760697159,-0.02718264032766731,-0.010000621093950765,-0.043268785698115896
2024-04-15,-0.022106124541898572,-0.01977217105076155,-0.025089366690888962,-0.018129198250222894,-0.018294647443959436
2024-04-16,-0.019353375539625104,0.002269665182425388,0.016308091448642016,-0.002113358076271284,0.019396489579943027
2024-04-17,-0.008180650902700638,-0.006630892935795767,-0.039433504164295245,0.005625302298686485,-0.05948586131068527
2024-04-18,-0.005730905731584389,-0.018552058666216485,0.0075396059725729,0.0036901263926765538,0.006858632759136399
2024-04-19,-0.012287678019289166,-0.012820653399851474,-0.10541156037266695,-0.011111877883713147,-0.05596052524068549
2024-04-22,0.005077919951747456,0.004599453494880218,0.04262191746805948,0.014218910831133821,0.013546671590083117
2024-04-23,0.00637135766051741,0.016351241466290273,0.035881097562553095,0.012395316288070184,0.024128017951807502
2024-04-24,0.012622301887126255,0.0036489191053615555,-0.033883448967573046,0.00735161210812441,-0.003486722800007255
2024-04-25,0.005134210733050518,-0.024800097939833142,0.036416068661405204,-0.019746928396194546,0.013224343385320598
2024-04-26,-0.0034789363905315743,0.018079272706806402,0.059923926926865434,0.09499380209594742,0.023397387709792525
2024-04-29,0.024505220326577364,-0.0100672018121829,0.00025061284365834343,-0.03390358912109764,0.017632718378382907
2024-04-30,-0.01843985789997125,-0.032646519268826335,-0.01556064179762485,-0.019607360679934734,-0.01142577597258931
2024-05-01,-0.006065362426606125,0.014306554915859995,-0.03967664379779887,0.005632865705791489,-0.09331066603997379
2024-05-02,0.02179276057372791,0.007316112922046544,0.032882790861852126,0.017304198097951903,0.013015363553212613
2024-05-03,0.05809541057382023,0.021927501440071297,0.03404564454318318,0.003141208617358293,0.029925418768550715
2024-05-06,-0.009148362256997835,0.016776815179411955,0.037046329612166806,0.004958478666586723,0.03381739176194692
2024-05-07,0.0037899035917576406,-0.010208173760334643,-0.017362823307389558,0.018377928283368504,-0.008703875848257821
2024-05-08,0.0018624731477135178,0.0029272914238830765,-0.0015692911157382074,-0.01057711491947282,-0.005258883021943606
2024-05-09,0.009964294822458574,0.004326422277839584,-0.0185873996834532,0.0024509245994360435,-0.008038968488955125
2024-05-10,-0.006914102164299645,0.005852064218705468,0.012663648152822223,-0.00754695872314154,-0.003088965845300621
2024-05-13,0.01749164146446613,-0.002462532537759564,0.005779968639677704,0.0035757920869668616,-0.008992394829708823
2024-05-14,0.006154526848327878,0.006841127110253134,0.010530846932877638,0.006008891035483935,0.017121490897878913
2024-05-15,0.012144020725129599,0.017332871045578443,0.0352104416649503,0.011278022914310721,0.041626023364421304
2024-05-16,0.000632127620971306,-0.004952152028760008,-0.0028677826397783108,0.00887448754907784,0.018306986869921126
2024-05-17,0.00015803017243980972,-0.0018545209065844411,-0.020125194594851802,0.010546755303414805,0.011312029421431863
2024-05-20,0.006143215149728271,0.012134269768617013,0.024576934475207077,0.006577766155263005,0.011245587635790094
2024-05-21,0.006833879596900858,0.008661432080971027,0.006373356528454749,0.006033468129056137,-0.010091013700298154
2024-05-22,-0.0075669674769126135,0.003443489344611104,-0.00458150609389094,-0.008614347181575503,0.0052092951389311306
2024-05-23,-0.021282996142975054,-0.008209665888559875,0.0891061153431522,-0.016654840760610704,-0.031234394540331414
2024-05-24,0.01645193754337103,0.007373238331828784,0.02539743404754458,0.007228465149620014,0.03629645383426049
2024-05-28,5.28024026266328e-05,0.0003717602416658976,0.06747568250142535,0.009538658820259576,0.031070345427260837
2024-05-29,0.0015777716558184234,-0.002675909471223892,0.008079680199845032,-0.0034889070544873836,-0.03843086867751367
2024-05-30,0.005241225203942459,-0.034370116961771134,-0.03839371875891082,-0.021883641264374337,0.009702089502414961
2024-05-31,0.00500615718817319,0.0011087646154526402,-0.007877111054804964,0.002302006730561433,0.0008991093021598089
2024-06-03,0.009216009971189093,-0.0038859546154920654,0.04779364968489789,0.002640825953177337,-0.020276021454020986
2024-06-04,0.0016480258870186363,0.006147717297509457,0.012418233622751166,0.004062520283579714,-0.022007425028830647
2024-06-05,0.00779046098216479,0.01890345016634697,0.050270840645988385,0.0110165166773792,0.037900002078915626
2024-06-06,-0.007121883486013924,0.0012020516479115079,-0.011847036969231095,0.007202696630770366,0.003664221645640673
2024-06-07,0.012316081442968365,-0.0015793453558809506,-0.0009095591423931239,-0.013548103408280419,0.006514269907856724
2024-06-10,-0.019333600142071524,0.00943966579456729,0.007433738137566875,0.004994628833059546,-0.0458933034722984
2024-06-11,0.07013139623986556,0.011179055287118699,-0.007169532364620703,0.008793261765239762,-0.008643897295390182
2024-06-12,0.028177668844294335,0.019182491333877266,0.03486588992297072,0.007658969721044809,0.00802008515865052
2024-06-13,0.005476142444391777,0.0011782538384589487,0.03461751838788553,-0.015829664129803623,-0.0021241439693379886
2024-06-14,-0.008202003571231041,0.002239397136567337,0.017362435251451366,0.009180201575631217,-0.0016899138043775983
2024-06-17,0.019480569515039663,0.01302020762168833,-0.0068477261878014655,0.0022959981638581758,-0.0077352270166716666
2024-06-18,-0.011045331530300663,-0.004537828141676903,0.03451718522883148,-0.013118397900661882,-0.02408824278329609
2024-06-20,-0.02174762045726792,-0.0014347762141725317,-0.03604538196345553,0.0071155063299027065,0.0452021819796222
2024-06-21,-0.010499294061006253,0.00911235499803813,-0.032721023411367595,0.014247174314767963,-0.0034054895678756014
2024-06-24,0.0031275607667812927,-0.004702094149654019,-0.06917916141667935,0.0029358618155104635,-0.006096794675700191
2024-06-25,0.0044583182674401405,0.007300094346786553,0.06537959289132005,0.026150035654029645,0.0
2024-06-26,0.019796101978869596,0.0026796552618018484,0.002455532180203557,-0.001132346191301744,-0.01705574414250692
2024-06-27,0.0039780231203065215,0.0015247622994156425,-0.019250568153934854,0.008005902863169668,0.012176472756359285
2024-06-28,-0.01638772557161576,-0.01311410948676918,-0.003635899419952298,-0.018581038951877002,0.017036009037361643
2024-07-01,0.028689088200722287,0.021645633026337666,0.006133091539358724,0.005816642761360847,-0.028260737552182866
2024-07-02,0.016109417310466,0.0055675120536275565,-0.013200246494188517,0.011425613459220519,0.04112377670539189
2024-07-03,0.005794219087088035,0.0032389610802017865,0.04471753714256577,0.004171176766096336,-0.0024984240946845254
2024-07-05,0.021390015958631478,0.014628703495181894,-0.019283532065092663,0.024095057768957068,0.04765642837208619
2024-07-08,0.006517620720898853,-0.002827149693176725,0.018659693224529046,-0.0077399217482655444,0.038739597670768865
2024-07-09,0.003767685675316994,-0.014474518638838006,0.0245024696400456,-0.0002100512554538839,-0.00893789530091734
2024-07-10,0.01862898676580396,0.014496029692392994,0.026514001814157105,0.011589833732564817,0.038003799915609586
2024-07-11,-0.023494600646466295,-0.025084119996179526,-0.05727623859646661,-0.02821524864390356,-0.011041403355405465
2024-07-12,0.012966375910238125,-0.0025324552354868716,0.01433947331930427,-0.0027801873689400907,-0.0018154417214706231
2024-07-15,0.01660464884188141,0.0009035774826784892,-0.006209237122397206,0.00752054360654044,-0.009849563731940892
2024-07-16,0.0017903735983670183,-0.009828625886811292,-0.016326994525877624,-0.014397136509073082,-0.012759693781991186
2024-07-17,-0.0256214999994761,-0.013437521456173086,-0.0685351431163833,-0.015647544842193672,-0.1076473680980124
2024-07-18,-0.020748529520096856,-0.007127566244078759,0.02593413496476747,-0.018793154518391267,-0.023224320712721402
2024-07-19,0.0005796405219679639,-0.007430388985145639,-0.026442756551412944,0.0009479350260074885,-0.027267037302849146
2024-07-22,-0.0015614316674652084,0.013249358671359549,0.04647374682709079,0.02183469137086558,0.02790874471110014
2024-07-23,0.0046772728731126435,0.004302902295757643,-0.007719595032515468,0.0013626539631418793,-0.0120696927611447
2024-07-24,-0.029175821298000892,-0.036513401013717896,-0.07045638758797629,-0.051580032241189726,-0.06277381156727219
2024-07-25,-0.004816150980045148,-0.024785957103036115,-0.01739322878529847,-0.030334486941226136,-0.04460889652006005
2024-07-26,0.0021587488675080713,0.016286348433519147,0.006922892286191436,-0.002841581381088633,0.012001136400124988
2024-07-29,0.0012838649989862724,0.0034273201097053674,-0.01308720215076147,0.014420130003286522,-0.001715918691213558
2024-07-30,0.0025625849893965856,-0.008968403518103964,-0.073040033908881,0.004256673520504569,-0.009418075632943513
2024-07-31,0.014879679942027473,-0.010864684088033875,0.1205533184905537,0.007478044809048439,0.042704023695113065
2024-08-01,-0.016892651814249385,-0.0029684430479494433,-0.06907207232629815,-0.004050998533193704,-0.08625662409270224
2024-08-02,0.006845915160100197,-0.020882604131262916,-0.017923681238504942,-0.023765167901885594,-0.0003017905783991095
2024-08-05,-0.04936560314282179,-0.033201983143125904,-0.0656889058749926,-0.047176209031366635,0.017357964324921177
2024-08-06,-0.009796104800159345,0.011223726119209741,0.037131753383725596,-0.0006228506098610691,-0.03502255786920111
2024-08-07,0.012420793905450339,-0.0029572860387292025,-0.05258144087247209,0.001307366670002284,-0.011667078915724586
2024-08-08,0.016496437707935116,0.010635222200791413,0.059464196060025926,0.019040003094533346,0.05775414384286236
2024-08-09,0.01364246002649994,0.008235420662381896,-0.002098028408881361,0.009415961268132383,-0.015152386904596391
2024-08-12,0.007104617900367355,0.001943698817062999,0.03995478321660619,-0.00874490378626522,0.018447984227210966
2024-08-13,0.017046908290554323,0.017543991047591172,0.06326498876542022,0.012004511380932932,0.03138077189214276
2024-08-14,0.002031638578164956,0.006860358753899936,0.016566127987775896,-0.023784596611053282,-0.0026962190040923204
2024-08-15,0.013439810829060796,0.011754346281187418,0.03968300818921793,0.0070113171890533585,0.04589330962910487
2024-08-16,0.005901161702738669,-0.006098854085912125,0.01390264982181895,0.009575825630858261,0.008110323961739227
2024-08-19,-0.0007081212592923689,0.0072856743432205846,0.04258620252190796,0.021973574805033643,0.044241030388807764
2024-08-20,0.0027408763210696402,0.007727649414148253,-0.021380627085780573,0.0033199716283342675,0.007186858086722072
2024-08-21,-0.00048570603624693024,-0.0015549076803230138,0.009775247270993055,-0.007902833204521686,0.00897497320332515
2024-08-22,-0.008293986155952792,-0.020460663130514745,-0.037746404548663744,-0.01284846130821965,-0.039486896052071535
2024-08-23,0.01023553173160881,0.0029794648001884904,0.04449388617885088,0.011654546923040805,0.02139118253055485
2024-08-26,0.001497762862791055,-0.007949084344459999,-0.022750310856454126,0.0029819347623500345,-0.03272738693717976
2024-08-27,0.00373448746440298,0.0008460898266905644,0.014445234843770353,-0.00927297157144874,0.0033944223581275704
2024-08-28,-0.006776364032534661,-0.007859895614671146,-0.021189434510759903,-0.011363710689092574,-0.0278937398677169
2024-08-29,0.014465090560412782,0.006118533498942951,-0.065977919812932,-0.006709378188182984,-0.00596195083761708
2024-08-30,-0.0034437983166368227,0.009683897984746184,0.015023958433193709,0.010410686520520785,0.020881507127047578
2024-09-03,-0.02758220000221237,-0.01863155164435694,-0.10009675430719102,-0.040163546753870655,-0.08144600908943568
2024-09-04,-0.008656116102481017,-0.0013197407243888957,-0.016712921181353122,-0.005056609431054067,0.028294553089172936
2024-09-05,0.006903897356555699,-0.0012480147099942608,0.009371246004499343,0.004993719014584704,-0.010203025889965219
2024-09-06,-0.007039670549660659,-0.016517140440979038,-0.04171241188845159,-0.041650065688117965,-0.03718603822895312
2024-09-09,0.00040740321107285177,0.009957836812777484,0.03478615224478959,-0.015856024237592498,0.0278916266976097
2024-09-10,-0.003627930488891209,0.020685694456488598,0.015193409656824112,0.0031379719791404083,0.03338508989933252
2024-09-11,0.011518554222257876,0.021117748397374184,0.07834778260251234,0.014165030883909744,0.047976431920571126
2024-09-12,0.0004938623511463383,0.009317149328752447,0.018980395667625105,0.0220360653166323,0.006053996119457002
2024-09-13,-0.0012127686518429493,0.008372390559518,-0.00033589982339132096,0.018031068175946473,0.010162376469787042
2024-09-16,-0.028168248426639297,0.0017402595324487126,-0.019671663558033643,0.003907407725961992,-0.0015111913779712024
2024-09-17,0.0021702411378266228,0.0087942078073249,-0.010242312562342178,0.008080878431179397,-0.00831958888310025
2024-09-18,0.017829859493170567,-0.010023590490425638,-0.019392680324325458,0.0033012846349510655,-0.01691735062542485
2024-09-19,0.03639520266429413,0.018125856481033813,0.038925523833173784,0.014997917852857525,0.05541864595933842
2024-09-20,-0.002931760691789941,-0.007826577238559066,-0.01599210718176432,0.00853970726164877,-0.005052993186072696
2024-09-23,-0.007609831969695622,-0.004051664387952797,0.0022389401026483365,-0.00958151369834605,0.0051167560280402195
2024-09-24,0.003966072068619244,-0.010061630507785049,0.03888647957192646,0.003489267009275371,0.009966168043398473
2024-09-25,-0.004407869919914406,0.0068269728676923404,0.02160654380186507,-0.003979971044972284,0.023101463215876368
2024-09-26,0.005067411546217158,-0.0018531353668064267,0.004281954648856436,0.005140422094339859,0.033203870015040625
2024-09-27,0.0011859585931167842,-0.00765720254877389,-0.02151316026460474,0.008872051951032871,-0.01892534353981565
2024-09-30,0.022614387908913857,0.005312803163677694,0.00032941131366581706,0.011429494473641262,-0.0016442123238809554
2024-10-01,-0.02957467454501262,-0.022586413587522267,-0.03724645303583549,0.0073300586503208765,-0.026744031666004867
2024-10-02,0.002516581721816939,-0.008498258085949636,0.01568827989103004,-0.006612666065215927,0.0001877681563521693
2024-10-03,-0.004906707535222633,-0.0014154128178369967,0.03310192465714538,-0.0005977761330530186,0.019031707787616668
2024-10-04,0.004994801160805833,-0.001152994539016957,0.016709417693624693,0.008041164809583232,0.04824898520597228
2024-10-07,-0.02278850984380688,-0.01579496083668415,0.022166872377579933,-0.02505000114435617,0.0004095552472997558
2024-10-08,0.01823680865239215,0.012544823183708885,0.03968129381991563,0.007937173441996747,0.010646764375705425
2024-10-09,0.016560456594330336,0.006609292537722099,-0.0018076227630633294,-0.016060777848739254,-0.010354340320551835
2024-10-10,-0.002180604268298523,-0.003888147925194669,0.016152392511708285,0.0007356501350637769,-0.04081719140082683
2024-10-11,-0.0065266557839820894,0.0011536782664176672,-7.416173046378436e-05,0.008178392416087974,0.022345657103669484
2024-10-14,0.016345599701800568,0.006750881792327652,0.02396868147980853,0.011061926585864752,-0.015728473408746446
2024-10-15,0.010964213316658058,-0.0009549210312923233,-0.04799384970956116,0.0033006690622612456,-0.05363035111845894
2024-10-16,-0.008891284459527325,-0.006276578495060078,0.03082681512718417,-0.0009589277795374291,-0.003261150058229149
2024-10-17,0.0015952263161204826,0.0014409390143777562,0.008875925777954522,-0.013464498788227985,0.0007682637890639175
2024-10-18,0.012201713427293285,0.003449614303720683,0.007783792570446941,0.003277171643783955,-0.0017935997262517182
2024-10-21,0.006278158649562547,0.0014814332778290125,0.040543772468552654,0.004533801427113555,0.012298193717026009
2024-10-22,-0.0026252340500192836,0.020632134091686464,-0.0008352504858275018,0.006133196418813677,-0.024425059079565166
2024-10-23,-0.021860193826231642,-0.006830164503967595,-0.028467574178653948,-0.014126498102368934,-0.007687286558216918
2024-10-24,-0.000823628613692111,0.00030610922433687535,0.006072138077467549,0.00030398675176059064,0.0034600900767709384
2024-10-25,0.0036364482051134,0.00801987864806307,0.008015599813839223,0.01484091061814079,0.01801962603028683
2024-10-28,0.008562705812624267,-0.003650209141831415,-0.007232474977658574,0.008051807767392468,0.02334442566576692
2024-10-29,0.0011561639121748127,0.012486473192614492,0.00518148139463141,0.016496266042417194,0.038819000793635615
2024-10-30,-0.015395855437022713,0.001341806077614993,-0.013614394414550385,0.028797189378522898,-0.11223450617884911
2024-10-31,-0.018377300710425704,-0.06243674968688352,-0.04837386020758414,-0.019781058269937476,-0.030958829945816745
2024-11-01,-0.013368607512732113,0.00984429429752699,0.019690321967179653,-0.00023165426990932102,-0.015458683334864597
2024-11-04,-0.004045793402580871,-0.004665166873870675,0.00478908341549379,-0.0114760259231231,-0.008139577562054875
2024-11-05,0.006465271017506431,0.007317729484220233,0.027976844746956,0.004267996161870127,0.006728763662498309
2024-11-06,-0.003272192377052644,0.02097145910041702,0.0399323403517466,0.03957733928819835,0.02399335577746603
2024-11-07,0.021146907639859214,0.012417151011607334,0.022209078986485057,0.021908187305316105,0.0320114204521822
2024-11-08,-0.0011889263938535733,-0.0068162134415231945,-0.008431621036621439,-0.013365109934341063,-0.01256026418726009
2024-11-11,-0.01210156548730852,-0.010778783245365528,-0.016183925190051605,0.011663034859592043,-0.004063607613670878
2024-11-12,0.0,0.011937699091607764,0.020644457660915945,0.007391499269641995,-0.025570168166092647
2024-11-13,0.003961321745307248,0.005116630960082699,-0.013715508866497377,-0.015557910187873166,-0.030610679745932245
2024-11-14,0.013676423485516702,0.0039667521446647945,0.0033443256729666915,-0.017550251178299076,-0.0033077380764557646
2024-11-15,-0.0142096206751665,-0.02824792994967431,-0.03311237110636509,-0.01970231399481757,-0.02878844664814546
2024-11-18,0.01333303595843426,0.0018296555612626897,-0.012972980742054694,0.016596172981366213,0.029436438473030967
2024-11-19,0.001139490937315012,0.0048708149573161545,0.04778743658525729,0.015601713612566489,0.003305598921063581
2024-11-20,0.0031491604265963375,-0.00552051108455727,-0.007647669833913866,-0.012608349588269703,-0.012924785506874982
2024-11-21,-0.0020982932706112285,-0.004326044547364558,0.005332312007227071,-0.04669449626360552,-0.0007997427138558652
2024-11-22,0.005890113896497493,0.00995346042062825,-0.032710362204457805,-0.015902217862367816,0.006235523207087069
2024-11-25,0.012966440528748457,0.004283364055347845,-0.04267294277627543,0.017024111188404596,0.019894735674473737
2024-11-26,0.009360531884025924,0.021730227219537216,0.006594936807583766,0.00699908956808935,-0.024458838689910063
2024-11-27,-0.0005533127892789751,-0.01175134817813483,-0.011606773214147133,0.0011715014654541103,-0.010804570659790284
2024-11-29,0.010164030323116146,0.0011105799506481832,0.02127361152543495,-0.00193375898319893,0.006875802005680502
2024-12-02,0.009477583263637124,0.017602632586114015,0.0027448134987208984,0.01449928868168473,0.03495560770405135
2024-12-03,0.01269086754384269,0.0005103221244534503,0.011689432460305288,0.00023130097599897262,-0.0005633138646756136
2024-12-04,0.0014825987703554154,0.014321850694748173,0.034200948222025226,0.017587964004836837,0.0140577183505523
2024-12-05,0.00012336664563769673,0.011817722978543282,-0.0004824929167303851,-0.010159839422774965,-0.018434058540648817
2024-12-06,-0.0008232368776854043,0.0021440352235636206,-0.01822659904508254,0.012428901331880512,-0.019789924672492718
2024-12-09,0.015972886237727617,0.005508051075945589,-0.025814890596986564,0.0045841955051770045,-0.057315480899673664
2024-12-10,0.004125233851617447,-0.006049280675843381,-0.02731278957273571,0.051877493437320905,-0.02420749534681177
2024-12-11,-0.005179385393836212,0.012686219513976898,0.030908379023090328,0.05313848938820731,0.018690653134390584
2024-12-12,0.005946007366583377,0.0012687801426706391,-0.014241974619922432,-0.01578141792885041,0.0034516790321885826
2024-12-13,0.0006853003110065883,-0.00510694021291788,-0.022755854258263333,-0.011688220388484995,-0.028661060898723837
2024-12-16,0.01165954115162358,0.009612238057851543,-0.016901939343344132,0.03481382591699226,-0.0017350257933568974
2024-12-17,0.009672582362291305,0.006335111169068375,-0.012271849763501331,-0.005262072010229959,-0.013269479232178378
2024-12-18,-0.02165457018195129,-0.038284534737970013,-0.011415454493576114,-0.035999494608531885,-0.029300419933448955
2024-12-19,0.006990151230449985,-0.0008234664844389203,0.013636929862881658,-0.0023693574545194263,-0.02105871985341484
2024-12-20,0.018641016532811323,-0.0009843238818902967,0.030298575653244324,0.01703914076445275,0.002772078184326357
2024-12-23,0.003060330617397255,-0.003096804331638367,0.03623241826577878,0.015580717303016838,0.04422195805717762
2024-12-24,0.011412614432788477,0.009330089285915872,0.003930235025215761,0.008029265485333675,0.013472262800350042
2024-12-26,0.0031708262902175694,-0.002780733464886655,-0.002070396370143514,-0.0023817773687731495,-0.009787254290211413
2024-12-27,-0.013330717028649783,-0.01745304097071034,-0.021088332975125464,-0.01564690656006044,0.0010390001559062022
2024-12-30,-0.01335218984731874,-0.01332792857902067,0.00349722363585767,-0.006981643549749576,-0.02221146875635348
2024-12-31,-0.007082863168246858,-0.007869282659496823,-0.02354948741915449,-0.011745495799216646,-0.013567625820141663
2025-01-02,-0.02658623122538993,-0.006951754330891165,0.02949586331644455,0.0009972207678513225,-0.0013255213880392484
2025-01-03,-0.002011450109086322,0.011331317743987497,0.043574348273635606,0.013029231053573544,0.03854140022709878
2025-01-06,0.00671637408489883,0.010573318729905756,0.03375610363261792,0.024701445623959917,0.03279754352897823
2025-01-07,-0.011453079657173402,-0.012890981650089084,-0.06418615432540818,-0.006334461246763966,-0.017284774598989663
2025-01-08,0.0020209907125273634,0.005171600831788906,-0.0002140235770659516,-0.006732980544312644,-0.04407347743553379
2025-01-10,-0.024399119120156753,-0.01330165947641317,-0.03043478623657809,-0.011427067649924112,-0.048773711387237594
2025-01-13,-0.010397953638301479,-0.004209874280739583,-0.019916029942706585,-0.004565861094653333,0.010970274365065081
2025-01-14,-0.004789553582225688,-0.0036500305737764004,-0.011094994638631065,-0.0064695301694357756,-0.010539520703514361
2025-01-15,0.01948480007789161,0.025275073336955015,0.03343613963986933,0.030567030570645803,0.03279262544435933
2025-01-16,-0.04123895322887482,-0.004066443135811161,-0.01979246231562134,-0.01313280503419141,-0.012751822402458117
2025-01-17,0.007506991702556455,0.010426559434964386,0.030524345574771686,0.016022403821281565,0.025178459085331565
2025-01-21,-0.032436271085390274,-0.001236118118901577,0.022403487481705956,0.010473870765332976,0.006728504108038509
2025-01-22,0.005330738258797467,0.04047658065309094,0.04335532156933688,0.002001719097311503,0.011949914409017725
2025-01-23,-0.0007596593784016972,0.0011421738259488696,0.0010192720239710856,-0.0022521967778080334,-0.00575388825057394
2025-01-24,-0.003942440089749519,-0.005949834718788012,-0.031744427840295845,0.011557388433428217,-0.0016268474376313778
2025-01-27,0.03128577240041234,-0.021625631239945015,-0.18594610109458234,-0.041100734554615076,-0.06586356608180255
2025-01-28,0.035892032241055534,0.02867185977927945,0.08549735927029278,0.016887288904795145,-0.007330550028523058
2025-01-29,0.00460611490007048,-0.010949740284245566,-0.04187566998855154,0.0005578127455551952,0.02747235964396084
2025-01-30,-0.007422167425219517,-0.06380180086816058,0.007650574691991052,0.027264699484879244,0.012785425779330848
2025-01-31,-0.006714689166491974,0.00016866726052549094,-0.03743490162743497,0.014550907680285847,-0.0247872976916219
2025-02-03,-0.034442316412519346,-0.0100245313133839,-0.02881117217609697,-0.014501500785868496,-0.014594997600525017
2025-02-04,0.020790225235481307,0.0035224809999466564,0.01691423038528022,0.024711874242528773,0.04475233159015182
2025-02-05,-0.0014184980382042044,0.002228610114852026,0.050774855969673835,-0.07189954616855491,-0.06472819927613399
2025-02-06,0.0032210495286589275,0.006102803103703131,0.030375753271047766,5.171236223173238e-05,-0.01665428443148344
2025-02-07,-0.024260656058344453,-0.014705238839191713,0.00897419781602033,-0.03243805175569925,-0.023885078961371455
2025-02-10,0.001186639587161788,0.006010023895347485,0.028322874672870098,0.005648152978645293,0.02678573078344869
2025-02-11,0.021596930272569727,-0.0018940698183555129,-0.005781364125113791,-0.006022298091504368,0.005596143425275311
2025-02-12,0.01810519327212046,-0.005850152315597387,-0.012578889858638372,-0.008805501109790769,0.005565069092126451
2025-02-13,0.019482158151255525,0.0036603351745286452,0.03115514993005512,0.01312610014077831,0.000805228320537171
2025-02-14,0.012630731048703646,-0.005152811976163879,0.025973664080383454,-0.00539038046319081,0.011471389306696429
2025-02-18,-0.0005317059866364233,0.0029582640582712398,0.003953289974893495,-0.005742266787621145,0.010379197050224942
2025-02-19,0.001634726316221055,0.012445358445734125,-0.001220289959028898,0.007132775973476769,0.0035812909825469405
2025-02-20,0.00391283563009703,0.0052767301931325155,0.006300573451117179,-0.00262201846642144,-0.00454430801316413
2025-02-21,-0.0011396136910757596,-0.019216060607282707,-0.04138427875584398,-0.027485326709042225,-0.029600862695092562
2025-02-24,0.006292543737412716,-0.01036681986302058,-0.031357503090659954,-0.0021500785487535813,-0.024938454004842972
2025-02-25,-0.0002428610468428315,-0.015214164708118934,-0.028416554250273,-0.021308225787539534,-0.03914303198357839
2025-02-26,-0.02741243032228451,0.00458870280856679,0.03606305199932505,-0.015167705329578708,0.007474867489031242
2025-02-27,-0.012812651969177875,-0.018176463909713544,-0.08859149995504327,-0.026037269020606265,-0.05122290536122012
2025-02-28,0.01895115592125555,0.01129812549135796,0.03893248988054108,0.011739837157402183,0.0035110480899698386
2025-03-03,-0.015879618923224256,-0.021643678627439995,-0.09094891427021023,-0.020887870894809108,-0.016457509323538472
2025-03-04,-0.008861591847085348,0.0003088253846001219,0.016779363971236926,0.023149808489298145,0.025330498965795048
2025-03-05,-0.0008056217234627742,0.03143507269047251,0.011230780230346531,0.013694098705643776,0.009090055450493567
2025-03-06,-0.0017406408569600107,-0.010352044114996411,-0.05908592097477328,-0.004467443212798896,-0.028128722096966773
2025-03-07,0.015767587593123793,-0.00906114375109742,0.01899187273782849,0.008801181069846885,0.01466183237646143
2025-03-10,-0.049694154676558876,-0.03400592864043767,-0.051998846856173904,-0.04509158210234618,-0.03737614296926297
2025-03-11,-0.029623791157092967,0.0007627033142576466,0.016501765227412746,-0.010965094474441509,0.0013444842319280256
2025-03-12,-0.01763328192659334,0.0073848564136623105,0.06229469414049229,0.0180313633346112,0.04080544563085445
2025-03-13,-0.034222737359557595,-0.011810644638606291,-0.0013833730477073038,-0.025590931145042177,-0.0269498490539064
2025-03-14,0.018007561474304858,0.025518509134172123,0.051349526894497524,0.01739176831830154,0.028734150709596368
2025-03-17,0.0023859889815187113,0.0003602352581217095,-0.01774508911535283,-0.0062838886409892995,0.03522445464623268
2025-03-18,-0.006140266076748315,-0.013416056136493904,-0.03490312754959522,-0.02369207267580604,-0.0103796627186504
2025-03-19,0.011917956816990882,0.011149538863096421,0.017944245816934053,0.02194951531235024,0.025938339358966625
2025-03-20,-0.005310529214353347,-0.0025301115102107264,0.008557557331084856,-0.007424600319820472,0.008529798363508704
2025-03-21,0.019289717003863192,0.011361109525563523,-0.007027074345736345,0.007244254309739998,-0.006554915709635024
2025-03-24,0.011207325945740405,0.0046407941465489945,0.03103430082036221,0.021893832554360837,0.06730031006079827
2025-03-25,0.013589105521617751,0.005277670435085185,-0.005947974800732827,0.01669041875005811,0.0083967877337568
2025-03-26,-0.009971329166654485,-0.013220927037634,-0.05913432783180679,-0.0332452371631801,-0.041072396184950045
2025-03-27,0.01041827529143247,0.0015629304241415246,-0.02069435157449424,-0.018477622211996343,-0.032653711431307866
2025-03-28,-0.026940126711903597,-0.030624476141755178,-0.015920754754292263,-0.05011357403274131,-0.032689814677901996
2025-03-31,0.019226654761999185,-0.00904279038895328,-0.011832314058665163,0.0010887506062407348,-0.004661140300273933
2025-04-01,0.004760601508669265,0.01795228183930482,0.016199485801871853,0.01681992009481863,0.00038926544069496996
2025-04-02,0.0031314425236710053,-0.00013069999096164325,0.0024482045297563723,-0.00012589127284041656,0.0017497847085742632
2025-04-03,-0.09701334939472404,-0.02391389542377379,-0.0812811379707505,-0.04000662519327409,-0.09317566584889302
2025-04-04,-0.0756802586596973,-0.036213737984330814,-0.07642289368923781,-0.03256267248849321,-0.08961216631501466
2025-04-07,-0.037425985358315234,-0.0055175820409396874,0.03469995108481195,0.010101745058737987,-0.025030854968826975
2025-04-08,-0.051101840149941236,-0.009264282112841641,-0.013818818190133773,-0.017984395127411398,-0.06712436235556218
2025-04-09,0.14261735065644743,0.09652476012019376,0.17162062349893423,0.09420564969480473,0.21366258934626892
2025-04-10,-0.04331863309889556,-0.023684732905785245,-0.06094718946890385,-0.03596763956019049,-0.08780023934362875
2025-04-11,0.03979217057049045,0.018446854932802577,0.030757538431215408,0.025607355533749713,0.051631506661683785
2025-04-14,0.02181437785531405,-0.0016489567012706835,-0.0019851873529474666,0.012902728426391978,0.011708472927867107
2025-04-15,-0.0018782103745140794,-0.005377806464686696,0.013368843414683697,-0.017429881556587163,0.00832504846820063
2025-04-16,-0.03971153289626027,-0.037292807545167644,-0.07119162246371745,-0.020243825407519445,-0.07629802168485925
2025-04-17,0.013853232116374709,-0.010359965282125197,-0.02913113743929457,-0.013857575264497227,-0.008988067919469765
2025-04-21,-0.019583390012688173,-0.023828362593763395,-0.04617746393410636,-0.023086670552361053,-0.022420937683799165
2025-04-22,0.03349779096675648,0.021214738937953004,0.020225337506182262,0.02660147447193997,0.008148160304945291
2025-04-23,0.024040216034862238,0.020426764723584782,0.037901359416716324,0.024518398437744737,0.04676761907318107
2025-04-24,0.0182585858356084,0.03390146153091709,0.03557797435116442,0.023498079871279935,0.044148701644742404
2025-04-25,0.004357684268579663,0.011679576073796466,0.04213291930397581,0.014631885309428935,0.022813884739377698
2025-04-28,0.0041009150270929,-0.0017624020871256463,-0.02075264199002478,-0.008765766828026182,-0.0026937659782438473
2025-04-29,0.005078956600485457,0.007335773027715923,0.002663599886849873,-0.002218974301659295,-0.003429484642524627
2025-04-30,0.006089064814629984,0.003091287735686988,-0.000917645275446254,-0.007245766580067846,0.01333974532280681
2025-05-01,0.0038514415743526203,0.07348611462395332,0.024396962106891636,0.011740140089882346,-0.007216494702038421
2025-05-02,-0.038077548957887154,0.02295963421382695,0.025564210531268762,0.018381567734021928,0.02200141420004257
2025-05-05,-0.03196394591314697,0.0020425726467707774,-0.005956586751732791,0.0014464183676393728,0.017955177097890917
2025-05-06,-0.001912522950301794,-0.006578685782484525,-0.00246301897850875,-0.0051320832520165794,-0.019778704093817573
2025-05-07,-0.011450072435285468,9.232746064547032e-05,0.03053139956264387,-0.0780269879889823,0.017489618933711308
2025-05-08,0.00629861663508141,0.011061277712165262,0.0026447657313610623,0.01912231431341865,0.013263545467219003
2025-05-09,0.005252258912645172,0.0012771405882585065,-0.006153406884977771,-0.008835116435369135,0.011147073740849625
2025-05-12,0.061232577690344396,0.023717654813393652,0.05300638945162764,0.03312825825393049,0.0500674000234239
2025-05-13,0.010101140823397865,-0.0002671284341179979,0.054811447442214924,0.008175488917475209,0.039355847911804256
2025-05-14,-0.0028217340280494163,0.008424993964706818,0.04079427045520887,0.03613451407815628,0.04571133901167914
2025-05-15,-0.004153139255795237,0.002253535574645681,-0.003775387763059354,-0.008488621153871178,-0.02346378425177868
2025-05-16,-0.0008989847417762119,0.0025127058361868737,0.004218655178709104,0.01219859895042133,0.01878070656968965
2025-05-19,-0.01180855039295381,0.010075124320893698,0.0012547833214361743,0.0026244712597749175,-0.02095717549701557
2025-05-20,-0.009238774316743506,-0.00152657285120561,-0.008816614678402826,-0.015306686582573602,-0.010777722968711271
2025-05-21,-0.023329096822368448,-0.012297887659034713,-0.01938591663044439,0.028268176421099012,-0.012856537236464032
2025-05-22,-0.003618809503893116,0.005047258123613586,0.007784540548358406,0.011226890939652139,-0.012120258748763461
2025-05-23,-0.03071115674128091,-0.010342139898617026,-0.01166152769728015,-0.01399440547181678,-0.003619599752715578
2025-05-27,0.024983626043138994,0.023077785618445402,0.031562927639345206,0.025556500208434797,0.037804120052116925
2025-05-28,0.0010483759950400688,-0.007254482400099014,-0.005105130789988944,-0.003454516475244292,-0.014950563952141817
2025-05-29,-0.0023478899531156243,0.0028819654582133056,0.03197357277991088,-0.0024253171180956203,0.0015051414537889667
2025-05-30,0.004491065205679781,0.0036559118158888404,-0.029602661154968134,-0.0006362869568958319,-0.02055842337642034
2025-06-02,0.0042230412957919876,0.0034912614061212255,0.016513480023338883,-0.014451696700951096,0.03461469014010196
2025-06-03,0.007753748829332053,0.0021622961613839056,0.027568086657488073,-0.015736065504298256,0.023110456539544567
2025-06-04,-0.0022163156344559864,0.001942030807420834,0.004944622225742636,0.009967351350403579,0.010767871014684776
2025-06-05,-0.01085644790396049,0.008179939094749872,-0.013692465232481282,0.002476369181094177,-0.02467363257693632
2025-06-06,0.016265311310348054,0.00575661750420405,0.012282178320791714,0.02964854478902959,0.004312582063160517
2025-06-09,-0.01218656200557631,0.005025837855148358,0.006400664331388976,0.01657534613158213,0.04657870179142511
2025-06-10,0.006037909254940444,-0.003878467329083407,0.009281627475316726,0.013309636428394741,0.012328151396177297
2025-06-11,-0.019380398396932036,0.003603436501383002,-0.007810992041811264,-0.00680042792171616,-0.017186759880158997
2025-06-12,0.002110637344438744,0.013137484445023209,0.015078620024351478,-0.010231705477276988,-0.02203393593921701
2025-06-13,-0.013901372087019841,-0.008198594722346929,-0.021117987702597655,-0.006178243357092852,-0.019944377972276786
2025-06-16,0.009978075593870499,0.00876230544339521,0.018977769514788943,0.011644418434628068,0.08440377722701298
2025-06-17,-0.014109814759666576,-0.002298456540498782,-0.0039472990193553685,-0.003998090090951089,0.00560180636014461
2025-06-18,0.004793283389081861,0.0045915147506775,0.009392341866327442,-0.018507991922598138,-0.002441984429393573
2025-06-20,0.02223547028360247,-0.005931212606842353,-0.011267461279875837,-0.03658478678348008,0.011371369375651955
2025-06-23,0.0024843855497348904,0.01785386493273932,0.00222203311052184,-0.010307492445885733,0.010394914016175028
2025-06-24,-0.005973064723825323,0.008421215478701553,0.025543160647058204,0.01036713080345591,0.06606626463795509
2025-06-25,0.006270794852481886,0.004397509069052182,0.04242729173228149,0.02210983537347668,0.03527315581219341
2025-06-26,-0.0027821156783913795,0.010467758977812507,0.004590581009059721,0.016998489955373865,0.0019506679753294582
2025-06-27,0.00039794102555481815,-0.003040085554322292,0.017457341797913372,0.021775782358723718,0.0009044133437002377
2025-06-30,0.02013598262377197,0.0029596798811845773,0.001520262317617653,-0.00494854091198621,-0.013370425768477438
2025-07-01,0.012833452102963735,-0.010834319898983683,-0.030134902803088715,-0.002709553424717177,-0.041659154324966564
2025-07-02,0.021987260950303646,-0.0019529280727750785,0.02544004940841766,0.01598142968112527,0.017551363549625842
2025-07-03,0.005211392838460461,0.015658018803898992,0.013203338767271606,0.004385187038041981,-0.004413425337271688
2025-07-07,-0.01700159639848781,-0.002247765136433476,-0.006927364756319279,-0.01669919657464809,-0.02280910392322921
2025-07-08,0.00028574888794971224,-0.002212559747340906,0.011060960956559299,-0.013608742628888932,0.022156317955067433
2025-07-09,0.005366265423001007,0.013778494117145214,0.01783991419350016,0.014171795684512989,0.004271782294599444
2025-07-10,0.005997031271867079,-0.0040398584370253485,0.007462319290115549,0.005836761371474173,0.040703497896090526
2025-07-11,-0.00590230942922182,0.003662441724592319,0.004984464048350547,0.014499833336713808,0.015555372449883812
2025-07-14,-0.012101746276944433,-0.0005962849924640699,-0.005167298974125016,0.008239070923111541,-0.0012300464444970876
2025-07-15,0.0023460746789217817,0.005550962519524451,0.03961435549979123,0.0015851339837003083,0.0621037356852306
2025-07-16,0.005008699526908586,-0.00039549870791536667,0.003917363703228754,0.0036525315522685903,0.028320820760116234
2025-07-17,-0.0006663983172961444,0.011953183889947622,0.009466663156954554,0.00504790704333284,0.0020593587445816904
2025-07-18,0.005508083259677811,-0.003229778076920942,-0.003416227933035546,0.006691147952461196,-0.02155091641567185
2025-07-21,0.006137030133482428,1.9573842622153666e-05,-0.005992023379618822,0.027634366932471184,6.366130554780608e-05
2025-07-22,0.008995508989266177,-0.009435403237857107,-0.025709918154959016,0.005009714243142414,-0.014628765753567412
2025-07-23,-0.001166683955418151,0.001186787666226615,0.02220272844087625,-0.0031281390626237042,0.0250834399628865
2025-07-24,-0.001822789338734743,0.00985500586462997,0.01718378355484954,0.008785900681552503,0.021636292083972188
2025-07-25,0.0005612342208122051,0.005524276807057121,-0.0013823511113735406,0.0045445881625880815,0.026478348697191564
2025-07-28,0.0007945430080788463,-0.002358296695597241,0.018558706011775717,-0.0034065231506197444,0.04228426538151951
2025-07-29,-0.013072746112031753,0.00013659292104220076,-0.007040365265865425,0.01544212818634294,0.021533151640798515
2025-07-30,-0.010563460319450515,0.0013062502702621708,0.021197159985772103,0.00512866516912062,0.011598348720988517
2025-07-31,-0.007104788725402036,0.0387155031530411,-0.00784016873845862,-0.023470216044192922,-0.017987090636665447
2025-08-01,-0.025321570639362537,-0.017757445962631582,-0.023608133130421878,-0.015203701280937332,-0.026495045315781292
2025-08-04,0.004781562115817958,0.021760689051637333,0.03551205386204827,0.030077506456557157,0.02915726459794046
2025-08-05,-0.002116874309380778,-0.014839664302042262,-0.009713759671598475,-0.002199071059510982,-0.014070705506934258
2025-08-06,0.049653335026119814,-0.005338644963747344,0.006486312563307068,0.008158318428409915,-0.06634921288832546
2025-08-07,0.03129874750499141,-0.00784097524635325,0.007496111733235648,0.0018264154611152715,0.05533122649403767
2025-08-08,0.04148530415843068,0.002301218807392315,0.010619929076134701,0.024089129899306654,0.002085993469626515
2025-08-11,-0.008372316028665667,-0.0005173156503593669,-0.0035091875667100955,-0.002278759703789257,-0.0027822631956624347
2025-08-12,0.010813746316393955,0.01421509607437297,0.006023823636406688,0.012469663955631156,0.015379148269763606
2025-08-13,0.015897421651124705,-0.016498328734609494,-0.008608712831548364,-0.005550282583771364,0.05271555381217736
2025-08-14,-0.002359966075287742,0.003642960473744946,0.0023651817555431923,0.0038835595046640766,-0.018995022037722343
2025-08-15,-0.005125279942778476,-0.004430984851587565,-0.008662863949559025,0.00533357315960348,-0.019193818733499787
2025-08-18,-0.003027109285002345,-0.005919459000966554,0.008607866666712883,-0.003030377393364773,-0.00774778449888901
2025-08-19,-0.0014302786403733944,-0.01427656063055077,-0.03562511944758994,-0.008849940892136423,-0.05598354694910146
2025-08-20,-0.01993195232786829,-0.007976482283820863,-0.0013673872327902067,-0.011423647689304449,-0.008138740349294439
2025-08-21,-0.004923352764199667,-0.0012882742962437505,-0.0023974359871052576,0.0021456319033291986,-0.009060231736784337
2025-08-22,0.012636554777213866,0.005912247498901862,0.017055753659911226,0.029952678953007857,0.024437742972498414
2025-08-25,-0.0026377932083888694,-0.00587253222768058,0.010173386265127206,0.011734285560829585,-0.026577995696889765
2025-08-26,0.009420188869658648,-0.0044122062999990335,0.010841386884304001,-0.005801861737498273,0.0197593830890906
2025-08-27,0.005132705068832231,0.009318199707767025,-0.0009356441344726344,0.0012495823966132524,0.0030562406748065817
2025-08-28,0.008940769368325639,0.005706562059152193,-0.007905684347558289,0.01978275614963359,0.008638443514483769
2025-08-29,-0.00180765361792773,-0.0058052163870483,-0.033811646699719186,0.005447310935044458,-0.03593271346655883
2025-09-02,-0.010479427277002538,-0.0031033729504502125,-0.01971299554035733,-0.007238139910082378,-0.001907971324758716
2025-09-03,0.037382362478189754,0.0004552603051924957,-0.0009373019060500131,0.08631137096405726,-0.00117122796102756
2025-09-04,0.0054782551474289055,0.005171145573807328,0.006076950550765085,0.006727651998878314,-0.0020993561588006572
2025-09-05,-0.00037538090420976503,-0.025864627390316836,-0.027402218846634227,0.010730465993688529,-0.0680926009655723
2025-09-08,-0.007580058845623845,0.006443857765429145,0.00769389006201819,-0.0034105924998273267,0.0017848576527331457
2025-09-09,-0.014950617910709828,0.0004214025687047002,0.014451531924085766,0.0243842442388749,0.028710128700079118
2025-09-10,-0.032791289244217724,0.00392477496482748,0.03775340801335812,-0.00158500505680003,0.023593090493258133
2025-09-11,0.014185256289725688,0.0012782763399045002,-0.0008463379046124896,0.0050797512320424135,-0.024556262114979195
2025-09-12,0.017410544677714683,0.01758854730011585,0.0036621306046096948,0.0024888269813943186,0.018457812105312308
2025-09-15,0.011173251296468912,0.010650995251252678,-0.00039377519858986614,0.042103755518612666,0.016201500655926734
2025-09-16,0.006107199861764178,-0.012339034259009753,-0.0162780163341907,-0.0013513907332682088,-0.00435295087969986
2025-09-17,0.003521051498746078,0.0019233027680548972,-0.02659722573672721,-0.006264077984899324,-0.008134723599176625
2025-09-18,-0.004655396469492138,-0.0030830192546233157,0.03434390705031156,0.009876999680109426,-0.007821444477361526
2025-09-19,0.03153055905443974,0.018473137542949315,0.0024368415975801567,0.011466538622667185,-0.003361766404793686
2025-09-22,0.04219292680949939,-0.006741633839998002,0.03853037099794532,-0.009289213305535613,0.015133613448926076
2025-09-23,-0.006464106315850793,-0.010198562570060122,-0.028617619863068048,-0.002137717229179089,0.0069226049302614215
2025-09-24,-0.00836727303900431,0.0018049446838038555,-0.008216092814310906,-0.018034335356122245,-0.0001242402496949454
2025-09-25,0.0179115863617917,-0.0061346166156694935,0.004060239115787098,-0.005097076097935727,0.00242122966997421
2025-09-26,-0.005504203212560821,0.008699204190431221,0.0028099377437863456,0.002470827997537492,-0.011286856306901204
2025-09-29,-0.004040110110226674,0.00612044144581852,0.020331794555995878,-0.011474236251153158,0.011844748250383216
2025-09-30,0.0007857916558778501,0.006488947269661438,0.025677906350133128,-0.003320277496456886,0.0026612590913249285
2025-10-01,0.0032151561931075237,0.0033922544893785077,0.003531134422832892,0.008137566626555737,0.01362821156232954
2025-10-02,0.006555106605745169,-0.007668204594977582,0.00877358604304843,0.003618108364076612,0.03428154591918081
2025-10-03,0.003455274986035184,0.0031167516996714194,-0.006746217139680364,8.117299502129199e-05,-0.030265453890970104
2025-10-06,-0.005167942554398963,0.021455728651506266,-0.011148158633220426,0.020323607571483503,0.21275398667706413
2025-10-07,-0.0008183689390839821,-0.008721839235137807,-0.0026984743997193915,-0.017568194620055263,0.037574805933872545
2025-10-08,0.006141391255695327,0.0016590558523225463,0.021756877926822356,-0.006780505198400782,0.10769339499080105
2025-10-09,-0.015700466177770545,-0.004678834544344629,0.01813090245917844,-0.013328882344112423,-0.011399411247178212
2025-10-10,-0.0351320237366643,-0.022142349274500945,-0.05009965424291474,-0.019679605722261722,-0.08039346121811726
2025-10-13,0.009697171504895576,0.006029170251344131,0.027782574621436396,0.02966219923068337,0.007048180436039366
2025-10-14,0.0004440600354328066,-0.0009341227581389464,-0.04501918551539917,0.006315865772105394,0.007686849154551295
2025-10-15,0.0063165381668474005,-0.000272701281730714,-0.0011115265297292802,0.02217405240423303,0.08988073040695022
2025-10-16,-0.007608880303073058,-0.0035510639580491293,0.010950201943594778,0.0006751451438193517,-0.01707712695451463
2025-10-17,0.019370614298066767,0.003843292085263904,0.007725450946719113,0.007554323940379466,-0.0063296581590557375
2025-10-20,0.03868091586874815,0.006230626662165641,-0.0031706243698502888,0.01264673318756968,0.03158777840064827
2025-10-21,0.0020189842515379616,0.0016821185981848483,-0.008136359976919564,-0.02234727051730427,-0.01057281751183037
2025-10-22,-0.01657679531385159,0.005548105265548849,-0.00486944785149559,0.004723459088478699,-0.03331792032067882
2025-10-23,0.004362573196799657,3.841293043138177e-05,0.010374250807994116,0.0047406439719776365,0.020464192724498478
2025-10-24,0.012404622431380775,0.005841995068404034,0.022258075742306045,0.026370592982012806,0.07353024252733531
2025-10-27,0.022535281491603727,0.014993770300163762,0.027692099020906667,0.03552135333272553,0.0263384198507311
2025-10-28,0.0007065817472201407,0.019654283321668336,0.048618527958442355,-0.0055724939534819475,-0.006413264091289618
2025-10-29,0.0025989202282576647,-0.000959772689728643,0.02945783430371503,0.024798992248669296,0.024199890037420985
2025-10-30,0.006283443804923906,-0.029590554584473662,-0.020248021637990266,0.024163239181676417,-0.03656238886955803
2025-10-31,-0.003802316392924,-0.01523651714532901,-0.0019734275074167937,-0.00028378121276234825,0.005010182707993929
2025-11-03,-0.0048941700975957455,-0.0015074033124727472,0.021448408886442172,0.008128071687914943,0.013688481197572594
2025-11-04,0.0036728713253906245,-0.005235797823321971,-0.040393105173183515,-0.021559757982613507,-0.037673636714120946
2025-11-05,0.00037028919398077734,-0.014038627544444297,-0.017669896884460884,0.023774693366036225,0.024804714397747823
2025-11-06,-0.0013706648568130519,-0.02003530684422974,-0.03720852260072738,0.002069836525181264,-0.07545626293979761
2025-11-07,-0.004830551924742772,-0.0005634318029910585,0.0003720706324959663,-0.019963795001258697,-0.017656021628138414
2025-11-10,0.004538365265673548,0.018308864444895333,0.05631658017812057,0.038195682528267945,0.043732897309755485
2025-11-11,0.02137118643594642,0.005282454884459312,-0.030037184813656623,0.003949634804858132,-0.02683438876577158
2025-11-12,-0.006487844507194079,0.004824468538220908,0.0033078352393263073,-0.014883634335196452,0.08615146919821483
2025-11-13,-0.0019032581452385258,-0.01547702452765287,-0.03646703857244306,-0.029337547464221042,-0.04313584773138287
2025-11-14,-0.0019803751859178826,0.01359701489479531,0.01755872270450257,-0.007696438305653465,-0.004648669953026953
2025-11-17,-0.01833830726819936,-0.005286583357794761,-0.018951078213339877,0.03064691075701306,-0.02581553602230269
2025-11-18,-7.473925559643532e-05,-0.0273666221292721,-0.028483311557641847,-0.0022434622813216646,-0.043463908828844065
2025-11-19,0.004179092340407183,-0.013599872454874285,0.02805448528161309,0.027789655855926635,-0.02970423877462386
2025-11-20,-0.008638626557415352,-0.016130717372056503,-0.03203239782377773,-0.010326452439337159,-0.08166184413769763
2025-11-21,0.019489553289023798,-0.013276714172975488,-0.009790879759208036,0.032803113563828507,-0.010932297637795064
2025-11-24,0.016185746981243,0.003974141476520722,0.02030890755571085,0.06091317635080062,0.053829598864827154
2025-11-25,0.003798184186466807,0.006288184139484632,-0.026252280937086085,0.01610354931497642,-0.04236351202154882
2025-11-26,0.002091851674423675,0.017683781896818542,0.013628378772762436,-0.010436222808084589,0.03858984618397894
2025-11-28,0.004672971568938359,0.013319773606054174,-0.018250490080873337,-0.0004996991472945612,0.015239858856859172
2025-12-01,0.015126188953698135,-0.010768981786818071,0.01636256490018193,-0.01574240707821498,0.010199250350865078
2025-12-02,0.010855720764224917,0.006675311554056698,0.008522983266628991,0.0028519647911302622,-0.020782306648491802
