Date,AAPL,MSFT,NVDA,GOOG,AMD
2022-01-03,178.27029418945312,323.8984375,30.064437866210938,144.0884552001953,150.24000549316406
2022-01-04,176.0077667236328,318.3444519042969,29.235004425048828,143.43495178222656,144.4199981689453
2022-01-05,171.32598876953125,306.1239318847656,27.552165985107422,136.71792602539062,136.14999389648438
2022-01-06,168.46600341796875,303.7049560546875,28.12508773803711,136.61611938476562,136.22999572753906
2022-01-07,168.6325225830078,303.8597717285156,27.195838928222656,136.0733184814453,132.0
2022-01-10,168.65208435058594,304.082275390625,27.348546981811523,137.6321563720703,132.0
2022-01-11,171.48272705078125,304.769287109375,27.76476287841797,139.06582641601562,137.30999755859375
2022-01-12,171.92347717285156,307.9526062011719,27.94642448425293,140.68524169921875,137.47000122070312
2022-01-13,168.65208435058594,294.91925048828125,26.525094985961914,138.1853790283203,132.74000549316406
2022-01-14,169.5140380859375,300.14422607421875,26.891407012939453,138.83641052246094,136.8800048828125
2022-01-18,166.3112030029297,292.8389587402344,25.854358673095703,135.36416625976562,131.92999267578125
2022-01-19,162.81451416015625,293.4969177246094,25.019926071166992,134.72999572753906,128.27000427246094
2022-01-20,161.1298828125,291.822998046875,24.104650497436523,132.59909057617188,121.88999938964844
2022-01-21,159.0730438232422,286.43359375,23.33011245727539,129.20777893066406,118.80999755859375
2022-01-24,158.29925537109375,286.7625427246094,23.328113555908203,129.48590087890625,116.52999877929688
2022-01-25,156.4970703125,279.13800048828125,22.282079696655273,125.87411499023438,111.12999725341797
2022-01-26,156.40892028808594,287.091552734375,22.72924041748047,128.36160278320312,110.70999908447266
2022-01-27,155.94862365722656,290.1201477050781,21.90279769897461,128.243408203125,102.5999984741211
2022-01-28,166.830322265625,298.2671203613281,22.797109603881836,132.38357543945312,105.23999786376953
2022-01-31,171.18887329101562,300.8988952636719,24.440019607543945,134.77618408203125,114.25
2022-02-01,171.0223846435547,298.75091552734375,24.591737747192383,136.94134521484375,116.77999877929688
2022-02-02,172.2270965576172,303.29852294921875,25.194604873657227,147.0303192138672,122.76000213623047
2022-02-03,169.34750366210938,291.4844055175781,23.903030395507812,141.6809539794922,120.08000183105469
2022-02-04,169.06309509277344,296.02227783203125,24.273332595825195,142.0439453125,123.5999984741211
2022-02-07,168.34719848632812,291.1940612792969,24.68156623840332,137.99366760253906,123.66999816894531
2022-02-08,171.4560089111328,294.68701171875,25.06085205078125,138.26683044433594,128.22999572753906
2022-02-09,172.87803649902344,301.1214599609375,26.65485382080078,140.4915771484375,132.85000610351562
2022-02-10,168.79832458496094,292.5777282714844,25.7755069732666,137.6604461669922,125.7699966430664
2022-02-11,165.38543701171875,285.4756774902344,23.904029846191406,133.21835327148438,113.18000030517578
2022-02-14,165.62086486816406,285.43695068359375,24.221433639526367,134.38040161132812,114.2699966430664
2022-02-15,169.45538330078125,290.7295837402344,26.44524574279785,135.4982452392578,121.47000122070312
2022-02-16,169.2200164794922,290.3902587890625,26.46121597290039,136.5530242919922,117.69000244140625
2022-02-17,165.62086486816406,281.8871154785156,24.460983276367188,131.4092559814453,112.37000274658203
2022-02-18,164.0713348388672,279.1721496582031,23.597610473632812,129.5807342529297,113.83000183105469
2022-02-22,161.1488494873047,278.96856689453125,23.34607696533203,128.5229949951172,115.6500015258789
2022-02-23,156.9808349609375,271.7452087402344,22.344961166381836,126.71782684326172,109.76000213623047
2022-02-24,159.59933471679688,285.629638671875,23.703405380249023,131.77175903320312,116.61000061035156
2022-02-25,161.66860961914062,288.2669677734375,24.11164093017578,133.6051788330078,121.05999755859375
2022-02-28,161.93338012695312,289.701904296875,24.33920669555664,133.9741973876953,123.33999633789062
2022-03-01,160.0504608154297,285.97869873046875,23.43291664123535,133.256103515625,113.83000183105469
2022-03-02,163.34559631347656,291.059326171875,24.178638458251953,133.83563232421875,118.27999877929688
2022-03-03,163.02195739746094,286.9192199707031,23.673498153686523,133.3951416015625,111.9800033569336
2022-03-04,160.0210418701172,281.04351806640625,22.896835327148438,131.22401428222656,108.41000366210938
2022-03-07,156.22572326660156,270.426513671875,21.315534591674805,125.60494995117188,102.94999694824219
2022-03-08,154.40159606933594,267.4596252441406,21.477256774902344,126.41342163085938,105.52999877929688
2022-03-09,159.8052520751953,279.7248840332031,22.974699020385742,132.95614624023438,111.05000305175781
2022-03-10,155.4607696533203,276.9034118652344,22.619308471679688,131.7801971435547,106.45999908447266
2022-03-11,151.743896484375,271.55120849609375,22.062259674072266,129.58868408203125,104.29000091552734
2022-03-14,147.71319580078125,268.0316467285156,21.29357147216797,125.87957763671875,102.25
2022-03-15,152.09698486328125,278.4159240722656,22.933767318725586,128.7792205810547,109.33000183105469
2022-03-16,156.51014709472656,285.4356994628906,24.454166412353516,132.78184509277344,115.37000274658203
2022-03-17,157.52023315429688,286.24053955078125,24.723705291748047,133.68563842773438,111.69000244140625
2022-03-18,160.81541442871094,291.2919616699219,26.407821655273438,135.87168884277344,113.45999908447266
2022-03-21,162.18838500976562,290.0606384277344,26.688343048095703,135.55088806152344,115.91999816894531
2022-03-22,165.56199645996094,294.8116455078125,26.478708267211914,139.32406616210938,114.77999877929688
2022-03-23,166.92518615722656,290.380615234375,25.590225219726562,137.56211853027344,113.91999816894531
2022-03-24,170.71070861816406,294.85040283203125,28.101930618286133,140.35153198242188,120.52999877929688
2022-03-25,171.34815979003906,294.44317626953125,27.64470863342285,140.55960083007812,119.66999816894531
2022-03-28,172.21112060546875,301.2496643066406,28.170808792114258,140.98519897460938,120.23999786376953
2022-03-29,175.50631713867188,305.8163757324219,28.607065200805664,142.27638244628906,123.2300033569336
2022-03-30,174.3392791748047,304.3135070800781,27.642715454101562,141.6749725341797,119.22000122070312
2022-03-31,171.24026489257812,298.9324035644531,27.239398956298828,138.70033264160156,109.33999633789062
2022-04-01,170.94602966308594,300.00860595703125,26.6663818359375,139.7436981201172,108.19000244140625
2022-04-04,174.99635314941406,305.3897399902344,27.313276290893555,142.66619873046875,110.52999877929688
2022-04-05,171.6815948486328,301.4241638183594,25.886714935302734,140.10421752929688,106.81999969482422
2022-04-06,168.513916015625,290.3902587890625,24.365318298339844,136.24362182617188,103.66999816894531
2022-04-07,168.81790161132812,292.2033996582031,24.166658401489258,135.5374755859375,103.72000122070312
2022-04-08,166.80751037597656,287.9372253417969,23.079517364501953,133.0996551513672,101.0
2022-04-11,162.5512237548828,276.58343505859375,21.879573822021484,128.91429138183594,97.37000274658203
2022-04-12,164.42440795898438,273.4808044433594,21.46727752685547,127.50196075439453,95.0999984741211
2022-04-13,167.11151123046875,278.87158203125,22.165081024169922,129.40048217773438,97.73999786376953
2022-04-14,162.10008239746094,271.318603515625,21.221698760986328,126.38809967041016,93.05999755859375
2022-04-18,161.88436889648438,271.98760986328125,21.745798110961914,127.09127807617188,93.88999938964844
2022-04-19,164.16941833496094,276.6221923828125,22.160093307495117,129.64381408691406,96.93000030517578
2022-04-20,164.00270080566406,277.6499328613281,21.445314407348633,127.37385559082031,94.0199966430664
2022-04-21,163.20831298828125,272.26873779296875,20.148534774780273,124.08832550048828,89.8499984741211
2022-04-22,158.66766357421875,265.69500732421875,19.481678009033203,118.8010025024414,88.13999938964844
2022-04-25,159.7366485595703,272.1814880371094,19.868009567260742,122.41230773925781,90.69000244140625
2022-04-26,153.7740020751953,262.0008850097656,18.75591468811035,118.69374084472656,85.16000366210938
2022-04-27,153.54840087890625,274.60546875,18.383554458618164,114.2387466430664,84.91000366210938
2022-04-28,160.4819793701172,280.8204650878906,19.74821662902832,118.59989166259766,89.63999938964844
2022-04-29,154.6075439453125,269.078857421875,18.51532554626465,114.18510437011719,85.5199966430664
2022-05-02,154.91160583496094,275.8175048828125,19.499643325805664,116.36070251464844,89.83999633789062
2022-05-03,156.40225219726562,273.2092590332031,19.568525314331055,117.32661437988281,91.12999725341797
2022-05-04,162.81600952148438,281.1598205566406,20.29927635192871,121.74188995361328,99.41999816894531
2022-05-05,153.74456787109375,268.9140319824219,18.811819076538086,115.95301055908203,93.87000274658203
2022-05-06,154.4713134765625,266.37371826171875,18.64310646057129,114.87388610839844,95.33999633789062
2022-05-09,149.3445281982422,256.5324401855469,16.921056747436523,112.31539154052734,86.36000061035156
2022-05-10,151.7508087158203,261.3028259277344,17.564952850341797,113.80569458007812,88.7300033569336
2022-05-11,143.88380432128906,252.6249237060547,16.601598739624023,113.18643188476562,87.91999816894531
2022-05-12,140.01417541503906,247.58316040039062,16.14737892150879,112.39187622070312,87.05999755859375
2022-05-13,144.4829559326172,253.17764282226562,17.675764083862305,115.72357177734375,95.12000274658203
2022-05-16,142.9409637451172,253.54611206054688,17.234516143798828,114.01228332519531,94.23999786376953
2022-05-17,146.57489013671875,258.70428466796875,18.145959854125977,115.90830993652344,102.47000122070312
2022-05-18,138.30526733398438,246.92556762695312,16.909076690673828,111.63704681396484,96.27999877929688
2022-05-19,134.89723205566406,246.01205444335938,17.094755172729492,109.9927978515625,96.66999816894531
2022-05-20,135.13291931152344,245.44839477539062,16.66549301147461,108.57003021240234,93.5
2022-05-23,140.5543670654297,253.31056213378906,16.8691463470459,110.90751647949219,95.06999969482422
2022-05-24,137.85348510742188,252.30958557128906,16.12641143798828,105.20604705810547,91.16000366210938
2022-05-25,138.01063537597656,255.12786865234375,16.94601058959961,105.1201400756836,92.6500015258789
2022-05-26,141.21240234375,258.41278076171875,17.820518493652344,107.5599365234375,98.75
2022-05-27,146.96778869628906,265.5460510253906,18.77887535095215,112.03234100341797,102.26000213623047
2022-05-31,146.18202209472656,264.21466064453125,18.640111923217773,113.26390838623047,101.86000061035156
2022-06-01,146.05438232421875,264.7491455078125,18.288715362548828,113.3612289428711,101.22000122070312
2022-06-02,148.50973510742188,266.8483581542969,19.558542251586914,116.94571685791016,108.58999633789062
2022-06-03,142.7838592529297,262.416748046875,18.688030242919922,113.78533935546875,106.30000305175781
2022-06-06,143.5302734375,261.1825256347656,18.753915786743164,116.2152099609375,105.6500015258789
2022-06-07,146.05438232421875,264.826904296875,18.893678665161133,116.4327163696289,105.27999877929688
2022-06-08,145.31777954101562,262.7958068847656,18.62009048461914,116.44115447998047,101.9000015258789
2022-06-09,140.09278869628906,257.333984375,18.020986557006836,114.1369400024414,98.80000305175781
2022-06-10,134.68118286132812,245.8662872314453,16.948593139648438,110.67015075683594,94.81999969482422
2022-06-13,129.52490234375,235.4384307861328,15.62358283996582,106.15009307861328,86.98999786376953
2022-06-14,130.3892059326172,237.60560607910156,15.812299728393555,106.4654312133789,86.98999786376953
2022-06-15,133.0115203857422,244.67088317871094,16.502267837524414,109.64022064208984,89.30000305175781
2022-06-16,127.73741149902344,238.0720977783203,15.577651023864746,105.91122436523438,82.05000305175781
2022-06-17,129.21067810058594,240.67666625976562,15.856231689453125,107.13236999511719,81.56999969482422
2022-06-21,133.4436798095703,246.5951690673828,16.541208267211914,111.25366973876953,83.79000091552734
2022-06-22,132.9329376220703,246.00233459472656,16.33551597595215,111.27252960205078,83.75
2022-06-23,135.8008270263672,251.5709991455078,16.200716018676758,111.91861724853516,82.43000030517578
2022-06-24,139.13026428222656,260.1620788574219,17.100366592407227,117.73233795166016,87.08000183105469
2022-06-27,139.13026428222656,257.4311828613281,16.843753814697266,115.829833984375,86.16000366210938
2022-06-28,134.9856414794922,249.25804138183594,15.958078384399414,111.80638122558594,80.77999877929688
2022-06-29,136.74365234375,252.93157958984375,15.518736839294434,111.4935302734375,77.98999786376953
2022-06-30,134.27850341796875,249.59814453125,15.136312484741211,108.62911224365234,76.47000122070312
2022-07-01,136.4490509033203,252.2707061767578,14.501262664794922,108.339599609375,73.66999816894531
2022-07-05,139.03204345703125,255.4486541748047,14.94160270690918,113.11294555664062,75.19999694824219
2022-07-06,140.36778259277344,258.7139892578125,15.107357025146484,114.430419921875,75.3499984741211
2022-07-07,143.73651123046875,260.8423767089844,15.834263801574707,118.49510192871094,79.30000305175781
2022-07-08,144.41416931152344,260.1231689453125,15.814297676086426,119.35174560546875,79.3499984741211
2022-07-11,142.28292846679688,257.0618896484375,15.129323959350586,115.73052978515625,76.94999694824219
2022-07-12,143.2552490234375,246.52713012695312,15.059426307678223,114.06889343261719,76.36000061035156
2022-07-13,142.89190673828125,245.60389709472656,15.141303062438965,111.42449951171875,77.5199966430664
2022-07-14,145.8186492919922,246.92556762695312,15.348993301391602,110.68257904052734,78.5999984741211
2022-07-15,147.48829650878906,249.4912567138672,15.738408088684082,112.00054931640625,81.11000061035156
2022-07-18,144.4436798095703,247.09075927734375,16.076904296875,109.16297149658203,81.43000030517578
2022-07-19,148.303466796875,252.22213745117188,16.966569900512695,113.84095764160156,85.87999725341797
2022-07-20,150.30703735351562,254.885009765625,17.780344009399414,113.92040252685547,89.43000030517578
2022-07-21,152.57579040527344,257.3825988769531,18.022985458374023,114.25811004638672,91.08999633789062
2022-07-22,151.33828735351562,253.02871704101562,17.293079376220703,107.62348937988281,88.0999984741211
2022-07-25,150.21864318847656,251.5417938232422,16.998519897460938,107.47452545166016,87.54000091552734
2022-07-26,148.892822265625,244.80694580078125,16.508256912231445,104.72335815429688,85.25
2022-07-27,153.99009704589844,261.17279052734375,17.763376235961914,112.82789611816406,89.81999969482422
2022-07-28,154.54005432128906,268.62677001953125,17.95708465576172,113.8111572265625,91.66999816894531
2022-07-29,159.60797119140625,272.83489990234375,18.135818481445312,115.84722900390625,94.47000122070312
2022-08-01,158.62579345703125,270.1817932128906,18.41339874267578,114.69511413574219,96.77999877929688
2022-08-02,157.15257263183594,267.0816345214844,18.49827003479004,115.11226654052734,99.29000091552734
2022-08-03,163.16326904296875,274.5162048339844,18.86472511291504,117.97268676757812,98.08999633789062
2022-08-04,162.84901428222656,275.66290283203125,19.186243057250977,118.06206512451172,103.91000366210938
2022-08-05,162.622802734375,274.94378662109375,18.9605770111084,117.41648864746094,102.30999755859375
2022-08-08,162.1507110595703,272.42669677734375,17.766372680664062,117.33702850341797,100.06999969482422
2022-08-09,162.1999053955078,274.3509216308594,17.0604248046875,116.70138549804688,95.54000091552734
2022-08-10,166.44863891601562,281.01776123046875,18.069915771484375,119.82997131347656,99.05000305175781
2022-08-11,165.71099853515625,278.9380187988281,17.915142059326172,119.00560760498047,98.12000274658203
2022-08-12,169.26144409179688,283.6904296875,18.680994033813477,121.8163833618164,100.83000183105469
2022-08-15,170.33348083496094,285.2064208984375,19.003517150878906,122.04481506347656,101.01000213623047
2022-08-16,170.1761016845703,284.4678039550781,18.85074234008789,121.67733764648438,100.19999694824219
2022-08-17,171.67105102539062,283.7179870605469,18.30756378173828,119.50221252441406,98.2699966430664
2022-08-18,171.27764892578125,282.5979309082031,18.744905471801758,120.03854370117188,100.44000244140625
2022-08-19,168.6910400390625,278.68280029296875,17.822288513183594,117.31717681884766,95.94999694824219
2022-08-22,164.80621337890625,270.5021057128906,17.008508682250977,114.28789520263672,92.83999633789062
2022-08-23,164.47181701660156,269.2262268066406,17.155282974243164,113.98993682861328,92.48999786376953
2022-08-24,164.766845703125,268.59320068359375,17.196224212646484,113.92040252685547,92.7300033569336
2022-08-25,167.22560119628906,271.5733337402344,17.886188507080078,116.90001678466797,97.18000030517578
2022-08-26,160.92132568359375,261.0940856933594,16.235666275024414,110.54351806640625,91.18000030517578
2022-08-29,158.71826171875,258.3087463378906,15.777351379394531,109.59004974365234,88.48999786376953
2022-08-30,156.2890167236328,256.10772705078125,15.444849014282227,109.16297149658203,86.94000244140625
2022-08-31,154.6268768310547,254.6468963623047,15.071407318115234,108.40812683105469,84.87000274658203
2022-09-01,155.35472106933594,253.60475158691406,13.91614055633545,109.79862976074219,82.33000183105469
2022-09-02,153.24012756347656,249.37802124023438,13.626574516296387,107.94132232666016,80.23999786376953
2022-09-06,151.9812469482422,246.641357421875,13.444847106933594,106.74948120117188,78.72000122070312
2022-09-07,153.38768005371094,251.35504150390625,13.69754409790039,109.72909545898438,79.61000061035156
2022-09-08,151.91241455078125,251.77383422851562,13.973211288452148,108.67630004882812,82.77999877929688
2022-09-09,154.77438354492188,257.558837890625,14.369736671447754,111.02025604248047,85.44999694824219
2022-09-12,160.7344512939453,259.69171142578125,14.487594604492188,111.10964965820312,84.63999938964844
2022-09-13,151.3026580810547,245.41427612304688,13.115242004394531,104.59423065185547,77.02999877929688
2022-09-14,152.7483673095703,245.6382293701172,13.1122465133667,105.15042114257812,77.44999694824219
2022-09-15,149.8568878173828,238.9767303466797,12.913487434387207,103.19381713867188,76.66000366210938
2022-09-16,148.21441650390625,238.3534393310547,13.182162284851074,102.92565155029297,76.51000213623047
2022-09-19,151.93209838867188,238.13919067382812,13.365941047668457,103.14415740966797,76.7699966430664
2022-09-20,154.31214904785156,236.12319946289062,13.160189628601074,101.13788604736328,75.25
2022-09-21,151.18463134765625,232.71450805664062,13.245087623596191,99.33026123046875,74.4800033569336
2022-09-22,150.2207794189453,234.69155883789062,12.545927047729492,99.8864517211914,69.5
2022-09-23,147.94888305664062,231.71142578125,12.500980377197266,98.49596405029297,67.95999908447266
2022-09-26,148.28329467773438,231.253662109375,12.213326454162598,98.13841247558594,66.30000305175781
2022-09-27,149.25692749023438,230.24081420898438,12.398103713989258,97.42330169677734,67.16999816894531
2022-09-28,147.36859130859375,234.7792510986328,12.720717430114746,100.05529022216797,68.36000061035156
2022-09-29,140.12998962402344,231.3023681640625,12.205337524414062,97.42330169677734,64.13999938964844
2022-09-30,135.92059326171875,226.8224334716797,12.124434471130371,95.49649810791016,63.36000061035156
2022-10-03,140.1005096435547,234.4578094482422,12.496986389160156,98.62508392333984,66.11000061035156
2022-10-04,143.6903076171875,242.3854217529297,13.151200294494629,101.71395874023438,67.9000015258789
2022-10-05,143.98536682128906,242.69705200195312,13.193150520324707,101.52523803710938,67.94000244140625
2022-10-06,143.03134155273438,240.34991455078125,13.114242553710938,101.54509735107422,67.8499984741211
2022-10-07,137.7794189453125,228.12747192382812,12.06151008605957,98.89324951171875,58.439998626708984
2022-10-10,138.10398864746094,223.26766967773438,11.655997276306152,98.03909301757812,57.810001373291016
2022-10-11,136.68771362304688,219.5278778076172,11.572097778320312,97.38358306884766,57.630001068115234
2022-10-12,136.0583038330078,219.8590087890625,11.486201286315918,97.63187408447266,57.849998474121094
2022-10-13,140.63160705566406,228.12747192382812,11.945648193359375,99.03229522705078,58.939998626708984
2022-10-14,136.09762573242188,222.59567260742188,11.213528633117676,96.51950073242188,55.939998626708984
2022-10-17,140.06114196777344,231.3315887451172,11.873734474182129,100.09501647949219,57.959999084472656
2022-10-18,141.37905883789062,232.27627563476562,11.95263957977295,100.70086669921875,57.91999816894531
2022-10-19,141.48724365234375,230.3089599609375,12.036538124084473,99.60834503173828,57.22999954223633
2022-10-20,141.02496337890625,229.9876251220703,12.17936897277832,99.84672546386719,57.77000045776367
2022-10-21,144.8410186767578,235.80181884765625,12.451041221618652,100.79027557373047,58.81999969482422
2022-10-24,146.98501586914062,240.7979278564453,12.583880424499512,102.27012634277344,58.70000076293945
2022-10-25,149.827392578125,244.11895751953125,13.245087623596191,104.2168197631836,61.470001220703125
2022-10-26,146.88668823242188,225.2836456298828,12.880524635314941,94.175537109375,59.72999954223633
2022-10-27,142.41171264648438,220.83291625976562,13.160189628601074,91.97061920166016,58.599998474121094
2022-10-28,153.17132568359375,229.7149200439453,13.817399024963379,95.92356872558594,62.0099983215332
2022-10-31,150.81085205078125,226.072509765625,13.480806350708008,94.01661682128906,60.060001373291016
2022-11-01,148.16525268554688,222.2158203125,13.526747703552246,89.88489532470703,59.65999984741211
2022-11-02,142.63792419433594,214.3564453125,13.203137397766113,86.47820281982422,58.630001068115234
2022-11-03,136.58938598632812,208.6591033935547,13.404892921447754,82.92252349853516,60.11000061035156
2022-11-04,136.32337951660156,215.6127471923828,14.139013290405273,86.11071014404297,62.189998626708984
2022-11-07,136.85536193847656,221.92367553710938,14.283838272094727,88.04747009277344,63.08000183105469
2022-11-08,137.42674255371094,222.89755249023438,14.584476470947266,88.30570220947266,63.849998474121094
2022-11-09,132.86553955078125,218.6513214111328,13.759469032287598,86.80596160888672,59.91999816894531
2022-11-10,144.6872100830078,236.6393585205078,15.731100082397461,93.52994537353516,68.47000122070312
2022-11-11,147.47515869140625,240.66160583496094,16.307409286499023,96.07255554199219,72.37000274658203
2022-11-14,146.07623291015625,235.24668884277344,16.27544593811035,95.37731170654297,73.52999877929688
2022-11-15,147.8101043701172,235.65573120117188,16.6460018157959,98.04902648925781,76.37000274658203
2022-11-16,146.57867431640625,236.08544921875,15.890907287597656,98.31718444824219,72.69999694824219
2022-11-17,148.47999572753906,236.03656005859375,15.658188819885254,97.83052825927734,73.9000015258789
2022-11-18,149.04150390625,235.58734130859375,15.390510559082031,97.13528442382812,73.56999969482422
2022-11-21,145.8102569580078,236.39796447753906,15.29861831665039,95.17866516113281,72.45999908447266
2022-11-22,147.94802856445312,239.30838012695312,16.018754959106445,96.66847229003906,75.25
2022-11-23,148.82479858398438,241.79885864257812,16.499176025390625,98.1483383178711,76.4000015258789
2022-11-25,145.9088134765625,241.71095275878906,16.250476837158203,96.93663024902344,75.13999938964844
2022-11-28,142.0766143798828,236.11473083496094,15.808006286621094,95.59580993652344,73.19000244140625
2022-11-29,139.07191467285156,234.7181396484375,15.620234489440918,94.79131317138672,73.38999938964844
2022-11-30,145.8299560546875,249.1822967529297,16.90701675415039,100.76046752929688,77.62999725341797
2022-12-01,146.10580444335938,248.7427978515625,17.118816375732422,100.59162902832031,77.4800033569336
2022-12-02,145.61325073242188,249.0651092529297,16.860055923461914,100.14468383789062,74.9800033569336
2022-12-05,144.45077514648438,244.357666015625,16.59431266784668,99.19120788574219,73.62000274658203
2022-12-06,140.7860870361328,239.3962860107422,15.971900939941406,96.64860534667969,70.2699966430664
2022-12-07,138.84536743164062,238.6637725830078,16.10477638244629,94.50328826904297,70.13999938964844
2022-12-08,140.5299072265625,241.62306213378906,17.15278434753418,93.31144714355469,70.47000122070312
2022-12-09,140.0471954345703,239.68923950195312,16.984943389892578,92.43743133544922,68.58999633789062
2022-12-12,142.34255981445312,246.6137237548828,17.518442153930664,92.9240951538086,70.66999816894531
2022-12-13,143.3080291748047,250.92074584960938,18.054931640625,95.19853973388672,71.6500015258789
2022-12-14,141.08163452148438,251.2137451171875,17.657312393188477,94.6622085571289,68.93000030517578
2022-12-15,134.4713592529297,243.19546508789062,16.935991287231445,90.58013916015625,66.52999877929688
2022-12-16,132.5109100341797,238.97633361816406,16.55534553527832,90.24243927001953,65.41000366210938
2022-12-19,130.40267944335938,234.83535766601562,16.238649368286133,88.54407501220703,64.58999633789062
2022-12-20,130.33375549316406,236.15379333496094,16.06981086730957,89.02080535888672,65.05000305175781
2022-12-21,133.43692016601562,238.72238159179688,16.48541259765625,89.63658905029297,67.68000030517578
2022-12-22,130.2647705078125,232.62811279296875,15.324512481689453,87.66011810302734,63.86000061035156
2022-12-23,129.9003143310547,233.1554718017578,15.19163990020752,89.19957733154297,64.5199966430664
2022-12-27,128.09750366210938,231.42684936523438,14.107664108276367,87.33236694335938,63.27000045776367
2022-12-28,124.16678619384766,229.05357360839844,14.022745132446289,85.87236022949219,62.56999969482422
2022-12-29,127.68374633789062,235.38221740722656,14.589207649230957,88.34542083740234,64.81999969482422
2022-12-30,127.99897766113281,234.2200469970703,14.600197792053223,88.12693786621094,64.7699966430664
2023-01-03,123.2112045288086,233.98565673828125,14.301480293273926,89.09031677246094,64.0199966430664
2023-01-04,124.4820327758789,223.75035095214844,14.735069274902344,88.10707092285156,64.66000366210938
2023-01-05,123.16193389892578,217.118896484375,14.251526832580566,86.18023681640625,62.33000183105469
2023-01-06,127.6935806274414,219.67771911621094,14.844966888427734,87.56079864501953,63.959999084472656
2023-01-09,128.2156982421875,221.81658935546875,15.613240242004395,88.19644927978516,67.23999786376953
2023-01-10,128.7870635986328,223.50621032714844,15.893976211547852,88.63346099853516,68.05000305175781
2023-01-11,131.5060577392578,230.2646484375,15.985885620117188,91.63294219970703,69.05999755859375
2023-01-12,131.42726135253906,232.9405975341797,16.495407104492188,91.28532409667969,70.80000305175781
2023-01-13,132.7572021484375,233.643798828125,16.883039474487305,92.16926574707031,71.0
2023-01-17,133.91966247558594,234.73768615722656,17.68528175354004,91.53362274169922,71.58999633789062
2023-01-18,133.20046997070312,230.30368041992188,17.3605899810791,91.15618896484375,70.52999877929688
2023-01-19,133.2595977783203,226.51426696777344,16.74916648864746,93.27173614501953,67.70999908447266
2023-01-20,135.8209686279297,234.61068725585938,17.822154998779297,98.60521697998047,70.06999969482422
2023-01-23,139.01283264160156,236.9156036376953,19.174875259399414,100.5220947265625,76.52999877929688
2023-01-24,140.4117431640625,236.38821411132812,19.24680519104004,98.53569030761719,74.69999694824219
2023-01-25,139.7516632080078,234.9916229248047,19.30475425720215,96.07255554199219,74.91000366210938
2023-01-26,141.82046508789062,242.20899963378906,19.78329849243164,98.48603820800781,75.16000366210938
2023-01-27,143.76116943359375,242.3653106689453,20.345767974853516,100.02549743652344,75.4000015258789
2023-01-30,140.8747100830078,237.04254150390625,19.143903732299805,97.28424835205078,72.44999694824219
2023-01-31,142.14553833007812,242.02346801757812,19.5185489654541,99.19120788574219,75.1500015258789
2023-02-01,143.26861572265625,246.8480987548828,20.923219680786133,100.74060821533203,84.63999938964844
2023-02-02,148.57852172851562,258.4214172363281,21.68849754333496,108.06050872802734,88.30999755859375
2023-02-03,152.20382690429688,252.3173370361328,21.0800724029541,104.50484466552734,86.08999633789062
2023-02-06,149.4749755859375,250.7742462158203,21.069082260131836,102.7667465209961,83.68000030517578
2023-02-07,152.35157775878906,261.312255859375,22.152057647705078,107.30569458007812,85.91000366210938
2023-02-08,149.6621551513672,260.501708984375,22.18402862548828,99.32032775878906,84.69000244140625
2023-02-09,148.62774658203125,257.4643249511719,22.315902709960938,94.8111801147461,83.20999908447266
2023-02-10,148.99282836914062,256.9563903808594,21.244916915893555,94.21525573730469,81.4800033569336
2023-02-13,151.79489135742188,264.9845275878906,21.767423629760742,94.35430908203125,83.12999725341797
2023-02-14,151.15359497070312,265.8146667480469,22.94930648803711,94.30464935302734,85.94999694824219
2023-02-15,153.25514221191406,263.69000244140625,22.74250030517578,96.44003295898438,85.18000030517578
2023-02-16,151.6567840576172,256.669921875,21.981218338012695,95.1290054321289,80.08000183105469
2023-02-17,150.5122528076172,252.66542053222656,21.367801666259766,93.94709014892578,78.5
2023-02-21,146.49661254882812,247.3880615234375,20.63549041748047,91.42436218261719,76.7699966430664
2023-02-22,146.9208984375,246.25228881835938,20.734399795532227,91.17605590820312,76.61000061035156
2023-02-23,147.4043426513672,249.44419860839844,23.64164924621582,90.45101928710938,79.75
2023-02-24,144.75025939941406,244.01019287109375,23.264005661010742,88.74270629882812,78.08999633789062
2023-02-27,145.94410705566406,244.9305419921875,23.478803634643555,89.48760986328125,78.7699966430664
2023-02-28,145.44091796875,244.20602416992188,23.194068908691406,89.6862564086914,78.58000183105469
2023-03-01,143.36895751953125,241.1218719482422,22.67656135559082,89.89482879638672,78.29000091552734
2023-03-02,143.96096801757812,245.86070251464844,23.29197883605957,91.6825942993164,80.44000244140625
2023-03-03,149.01254272460938,249.9532928466797,23.867433547973633,93.3809585571289,81.5199966430664
2023-03-06,151.77516174316406,251.50025939941406,23.531755447387695,94.93036651611328,81.16000366210938
2023-03-07,149.574951171875,248.83712768554688,23.269956588745117,93.52994537353516,82.11000061035156
2023-03-08,150.82798767089844,248.3965301513672,24.162263870239258,94.00668334960938,85.37000274658203
2023-03-09,148.5784454345703,247.04542541503906,23.4178409576416,92.03022003173828,84.02999877929688
2023-03-10,146.516357421875,243.39337158203125,22.947206497192383,90.39143371582031,82.66999816894531
2023-03-13,148.4600372314453,248.61195373535156,22.948204040527344,91.03701782226562,82.01000213623047
2023-03-14,150.55172729492188,255.33831787109375,24.044357299804688,93.6093978881836,87.44999694824219
2023-03-15,150.9463653564453,259.89111328125,24.209228515625,95.8937759399414,89.68000030517578
2023-03-16,153.76821899414062,270.4261779785156,25.521209716796875,100.383056640625,96.5999984741211
2023-03-17,152.9295196533203,273.5886535644531,25.7050724029541,101.76360321044922,97.83999633789062
2023-03-20,155.29747009277344,266.5391845703125,25.879932403564453,101.2372055053711,96.80999755859375
2023-03-21,157.15234375,268.0567932128906,26.1787052154541,105.1206283569336,95.93000030517578
2023-03-22,155.7217254638672,266.597900390625,26.447492599487305,103.51165008544922,97.58000183105469
2023-03-23,156.80703735351562,271.855712890625,27.16993522644043,105.53778076171875,100.27999877929688
2023-03-24,158.1094207763672,274.704833984375,26.758255004882812,105.33912658691406,97.94999694824219
2023-03-27,156.1657257080078,270.6024169921875,26.510446548461914,102.35952758789062,96.61000061035156
2023-03-28,155.5441131591797,269.4765319824219,26.38953971862793,100.67108154296875,94.55999755859375
2023-03-29,158.6224365234375,274.6461181640625,26.96309471130371,101.2073974609375,96.08999633789062
2023-03-30,160.1912384033203,278.112060546875,27.36178207397461,100.63135528564453,97.87999725341797
2023-03-31,162.697265625,282.273193359375,27.75547981262207,103.29313659667969,98.01000213623047
2023-04-03,163.9503173828125,281.22564697265625,27.943336486816406,104.19695281982422,96.55999755859375
2023-04-04,163.41754150390625,281.1766357421875,27.43172836303711,104.40553283691406,95.87000274658203
2023-04-05,161.57247924804688,278.39605712890625,26.86017417907715,104.23667907714844,92.55999755859375
2023-04-06,162.46047973632812,285.5042724609375,27.01605224609375,108.15984344482422,92.47000122070312
2023-04-10,159.86561584472656,283.3404846191406,27.557632446289062,106.22309112548828,95.4800033569336
2023-04-11,158.65208435058594,276.9175720214844,27.147951126098633,105.39872741699219,94.02999877929688
2023-04-12,157.9613800048828,277.56378173828125,26.47447395324707,104.50484466552734,92.33000183105469
2023-04-13,163.3484649658203,283.78106689453125,26.44249725341797,107.45466613769531,92.08999633789062
2023-04-14,163.00315856933594,280.1584167480469,26.73726463317871,108.71602630615234,91.75
2023-04-17,163.02288818359375,282.76275634765625,26.981081008911133,105.69668579101562,89.87000274658203
2023-04-18,164.24632263183594,282.3418273925781,27.64556312561035,104.40553283691406,89.77999877929688
2023-04-19,165.39080810546875,282.4200744628906,27.909358978271484,104.30621337890625,89.94000244140625
2023-04-20,164.4239044189453,280.1289978027344,27.08300018310547,105.18022918701172,90.11000061035156
2023-04-21,162.81568908691406,279.7863464355469,27.09798812866211,105.19015502929688,88.43000030517578
2023-04-24,163.12155151367188,275.8797302246094,27.021047592163086,106.05422973632812,87.56999969482422
2023-04-25,161.58236694335938,269.6625061035156,26.220670700073242,103.89899444580078,83.80000305175781
2023-04-26,161.57247924804688,289.1954650878906,26.93511390686035,103.74007415771484,85.94000244140625
2023-04-27,166.160400390625,298.45770263671875,27.204904556274414,107.6334457397461,87.44000244140625
2023-04-28,167.41343688964844,300.8369140625,27.727502822875977,107.48445892333984,89.37000274658203
2023-05-01,167.3246307373047,299.17242431640625,28.887603759765625,106.97791290283203,89.69000244140625
2023-05-02,166.28863525390625,299.02557373046875,28.188142776489258,105.25968933105469,89.91000366210938
2023-05-03,165.21322631835938,298.0366516113281,27.78046417236328,105.39872741699219,81.62000274658203
2023-05-04,163.5753936767578,299.02557373046875,27.540647506713867,104.49491882324219,86.61000061035156
2023-05-05,171.2515106201172,304.15606689453125,28.657779693603516,105.49308013916016,89.83999633789062
2023-05-08,171.1824188232422,302.19781494140625,29.128414154052734,107.50431060791016,95.04000091552734
2023-05-09,169.47552490234375,300.58233642578125,28.548866271972656,107.20635986328125,95.05999755859375
2023-05-10,171.2415771484375,305.78131103515625,28.86262321472168,111.51686096191406,97.0199966430664
2023-05-11,171.42906188964844,303.62725830078125,28.55586051940918,116.10546875,97.0999984741211
2023-05-12,170.50035095214844,302.5111389160156,28.31804084777832,117.11853790283203,95.26000213623047
2023-05-15,170.00633239746094,302.99090576171875,28.930564880371094,116.16504669189453,97.4000015258789
2023-05-16,170.00633239746094,305.22320556640625,29.190366744995117,119.27377319335938,101.4800033569336
2023-05-17,170.618896484375,308.1080627441406,30.154619216918945,120.65433502197266,103.75
2023-05-18,172.9506072998047,312.5432434082031,31.65345573425293,122.68045043945312,107.93000030517578
2023-05-19,173.0592803955078,312.3666076660156,31.239778518676758,122.41230773925781,105.81999969482422
2023-05-22,172.1107940673828,315.15338134765625,31.15184783935547,125.01449584960938,108.0
2023-05-23,169.50245666503906,309.3444519042969,30.664220809936523,122.45203399658203,108.12000274658203
2023-05-24,169.77908325195312,307.9609069824219,30.514339447021484,120.81324768066406,108.2699966430664
2023-05-25,170.91531372070312,319.8044128417969,37.9505729675293,123.50482177734375,120.3499984741211
2023-05-26,173.32601928710938,326.6436462402344,38.91582489013672,124.57748413085938,127.02999877929688
2023-05-30,175.1736297607422,324.9951477050781,40.07992172241211,123.79285430908203,125.2699966430664
2023-05-31,175.1242218017578,322.2280578613281,37.804683685302734,122.531494140625,118.20999908447266
2023-06-01,177.93014526367188,326.3394470214844,39.73918533325195,123.52468872070312,119.47000122070312
2023-06-02,178.77981567382812,329.10650634765625,39.296531677246094,124.37884521484375,117.86000061035156
2023-06-05,177.42626953125,329.6363830566406,39.14065170288086,125.76931762695312,117.93000030517578
2023-06-06,177.06069946289062,327.4187927246094,38.624053955078125,127.0406265258789,124.2300033569336
2023-06-07,175.6874237060547,317.31201171875,37.4498405456543,122.10441589355469,117.83000183105469
2023-06-08,178.40440368652344,319.1567687988281,38.4841423034668,121.83624267578125,121.05000305175781
2023-06-09,178.7897186279297,320.6580810546875,38.74397277832031,122.03488159179688,124.91999816894531
2023-06-12,181.5857696533203,325.62310791015625,39.45548629760742,123.50482177734375,129.19000244140625
2023-06-13,181.1115264892578,328.017333984375,40.99445343017578,123.58428192138672,124.52999877929688
2023-06-14,181.74386596679688,331.0101318359375,42.9681396484375,123.53461456298828,127.33000183105469
2023-06-15,183.7791290283203,341.5682373046875,42.624366760253906,124.93502807617188,124.23999786376953
2023-06-16,182.7022247314453,335.9065246582031,42.663333892822266,123.216796875,120.08000183105469
2023-06-20,182.7911376953125,331.706787109375,43.77859115600586,123.00821685791016,118.93000030517578
2023-06-21,181.75375366210938,327.3010559082031,43.01609802246094,120.43582153320312,112.11000061035156
2023-06-22,184.7572784423828,333.3356628417969,42.996116638183594,123.02809143066406,110.69999694824219
2023-06-23,184.4410858154297,328.7336730957031,42.180667877197266,122.1838607788086,110.01000213623047
2023-06-26,183.0480499267578,322.43414306640625,40.60472869873047,118.28057861328125,107.51000213623047
2023-06-27,185.80458068847656,328.2920837402344,41.84788513183594,118.20112609863281,110.38999938964844
2023-06-28,186.9803009033203,329.54815673828125,41.08939743041992,120.2570571899414,110.16999816894531
2023-06-29,187.3162078857422,328.7630920410156,40.79459762573242,119.19432067871094,111.23999786376953
2023-06-30,191.6436767578125,334.15008544921875,42.273597717285156,120.14779663085938,113.91000366210938
2023-07-03,190.1517791748047,331.6479187011719,42.384521484375,119.7405776977539,115.81999969482422
2023-07-05,189.0353546142578,331.8049011230469,42.28858947753906,121.7965087890625,113.94999694824219
2023-07-06,189.50958251953125,334.86639404296875,42.074737548828125,120.10806274414062,113.4800033569336
2023-07-07,188.39312744140625,330.892333984375,42.47446060180664,119.32344055175781,113.16999816894531
2023-07-10,186.3479461669922,325.603515625,42.15167999267578,116.07566833496094,113.58000183105469
2023-07-11,185.82431030273438,326.23150634765625,42.376529693603516,116.90995788574219,111.31999969482422
2023-07-12,187.4940643310547,330.87274169921875,43.87252426147461,118.80696868896484,114.58000183105469
2023-07-13,188.25482177734375,336.23028564453125,45.946136474609375,123.9815673828125,115.91999816894531
2023-07-14,188.40304565429688,338.7618713378906,45.4384765625,124.84564208984375,115.94000244140625
2023-07-17,191.66343688964844,339.2426452636719,46.4298095703125,124.20999908447266,118.31999969482422
2023-07-18,191.4065399169922,352.7445068359375,47.46210861206055,123.23666381835938,117.93000030517578
2023-07-19,192.7601318359375,348.4172058105469,47.04539108276367,121.94550323486328,116.43000030517578
2023-07-20,190.81375122070312,340.36126708984375,45.48944091796875,118.71758270263672,110.25
2023-07-21,189.63803100585938,337.3194580078125,44.27925109863281,119.49227905273438,110.94999694824219
2023-07-24,190.4383087158203,338.63433837890625,44.58205032348633,121.0516128540039,110.61000061035156
2023-07-25,191.29788208007812,344.3941650390625,45.648338317871094,121.95542907714844,113.0
2023-07-26,192.1673583984375,331.4320373535156,45.42148208618164,128.77871704101562,110.08999633789062
2023-07-27,190.9027099609375,324.51434326171875,45.86919021606445,128.98731994628906,111.0999984741211
2023-07-28,193.48138427734375,332.0207824707031,46.71861267089844,132.10595703125,112.95999908447266
2023-07-31,194.09396362304688,329.6167297363281,46.6976318359375,132.20529174804688,114.4000015258789
2023-08-01,193.26400756835938,330.0288391113281,46.47578048706055,130.9935760498047,117.5999984741211
2023-08-02,190.27032470703125,321.354736328125,44.23927688598633,127.76564025878906,109.3499984741211
2023-08-03,188.8772430419922,320.5305480957031,44.485111236572266,127.89479064941406,113.1500015258789
2023-08-04,179.807373046875,321.6295166015625,44.65000915527344,127.66633605957031,115.81999969482422
2023-08-07,176.7050323486328,323.915771484375,45.38650894165039,131.04322814941406,116.80999755859375
2023-08-08,177.64361572265625,319.9319152832031,44.63401412963867,130.9438934326172,113.2300033569336
2023-08-09,176.0529327392578,316.1836242675781,42.525428771972656,129.26541137695312,110.47000122070312
2023-08-10,175.83558654785156,316.8705749511719,42.35954284667969,129.3249969482422,110.2300033569336
2023-08-11,175.89495849609375,314.986572265625,40.82756805419922,129.28526306152344,107.56999969482422
2023-08-14,177.547119140625,317.959716796875,43.7236213684082,130.93399047851562,111.9800033569336
2023-08-15,175.55856323242188,315.820556640625,43.91049575805664,129.3845977783203,111.3499984741211
2023-08-16,174.68797302246094,315.0536193847656,43.456809997558594,128.2324676513672,107.19000244140625
2023-08-17,172.14532470703125,311.5923767089844,43.31489562988281,129.5733184814453,104.44000244140625
2023-08-18,172.630126953125,311.19903564453125,43.26992416381836,127.23927307128906,105.44999694824219
2023-08-21,173.96572875976562,316.5089416503906,46.93546676635742,128.0537109375,108.22000122070312
2023-08-22,175.3408966064453,317.0792236328125,45.63733673095703,128.8085174560547,105.66000366210938
2023-08-23,179.189453125,321.54351806640625,47.084373474121094,132.3046112060547,109.43000030517578
2023-08-24,174.49996948242188,314.6307678222656,47.13133239746094,129.5335693359375,101.80000305175781
2023-08-25,176.7062225341797,317.5906066894531,45.98711013793945,129.80174255371094,102.25
2023-08-28,178.26934814453125,318.2985534667969,46.80355453491211,130.8942413330078,102.61000061035156
2023-08-29,182.15745544433594,322.9299621582031,48.75124740600586,134.56912231445312,105.91999816894531
2023-08-30,185.64984130859375,323.3035888671875,49.23092269897461,135.9993133544922,106.58999633789062
2023-08-31,185.8674774169922,322.2908020019531,49.32186508178711,136.4164581298828,105.72000122070312
2023-09-01,187.44058227539062,323.1758117675781,48.47643280029297,135.8701934814453,109.44999694824219
2023-09-05,187.67796325683594,327.9841613769531,48.51540756225586,135.7808380126953,110.77999877929688
2023-09-06,180.96035766601562,327.32537841796875,47.03327941894531,134.44992065429688,109.27999877929688
2023-09-07,175.66738891601562,324.4049377441406,46.21376419067383,135.27427673339844,106.58999633789062
2023-09-08,176.28077697753906,328.692138671875,45.5451545715332,136.2675018310547,106.08999633789062
2023-09-11,177.44822692871094,332.3009338378906,45.151390075683594,136.80381774902344,105.31999969482422
2023-09-12,174.42083740234375,326.2338562011719,44.843563079833984,135.14517211914062,105.30999755859375
2023-09-13,172.3531036376953,330.4523010253906,45.45820236206055,136.56544494628906,107.70999908447266
2023-09-14,173.8667755126953,333.0483093261719,45.55415344238281,138.04531860351562,106.62999725341797
2023-09-15,173.14454650878906,324.7098083496094,43.874141693115234,137.36000061035156,101.48999786376953
2023-09-18,176.07302856445312,323.5691223144531,43.940101623535156,138.01551818847656,102.37000274658203
2023-09-19,177.1613006591797,323.1659240722656,43.494361877441406,137.88641357421875,101.61000061035156
2023-09-20,173.6194610595703,315.4174499511719,42.21411895751953,133.67520141601562,100.33999633789062
2023-09-21,172.07606506347656,314.1981506347656,40.992835998535156,130.46717834472656,96.11000061035156
2023-09-22,172.92691040039062,311.7201843261719,41.58549118041992,130.35794067382812,96.19999694824219
2023-09-25,174.20318603515625,312.2413330078125,42.19712829589844,131.27166748046875,97.37999725341797
2023-09-26,170.12709045410156,306.93145751953125,41.88631057739258,128.57015991210938,95.95999908447266
2023-09-27,168.61338806152344,307.57061767578125,42.44298553466797,130.56649780273438,98.06999969482422
2023-09-28,168.87063598632812,308.40643310546875,43.06361770629883,132.22515869140625,102.76000213623047
2023-09-29,169.3850555419922,310.4812316894531,43.47337341308594,130.953857421875,102.81999969482422
2023-10-02,171.89801025390625,316.4302978515625,44.755619049072266,134.2512664794922,103.2699966430664
2023-10-03,170.5623779296875,308.1606140136719,43.49135971069336,132.3939971923828,100.08000183105469
2023-10-04,171.8089599609375,313.6376037597656,44.01505661010742,135.34381103515625,104.06999969482422
2023-10-05,173.04563903808594,314.03094482421875,44.661678314208984,135.0657196044922,102.91000366210938
2023-10-06,175.59814453125,321.79913330078125,45.73504638671875,137.787109375,107.23999786376953
2023-10-09,177.08213806152344,324.31640625,45.246334075927734,138.55184936523438,106.97000122070312
2023-10-10,176.48854064941406,322.9102783203125,45.771018981933594,138.25390625,109.01000213623047
2023-10-11,177.8834991455078,326.8730773925781,46.77843475341797,140.7368927001953,108.30999755859375
2023-10-12,178.78384399414062,325.6340637207031,46.9173469543457,139.3364715576172,108.79000091552734
2023-10-13,176.9436492919922,322.2612609863281,45.43422317504883,137.63812255859375,105.08999633789062
2023-10-16,176.8150177001953,327.08941650390625,46.067848205566406,139.53514099121094,106.45999908447266
2023-10-17,175.26174926757812,326.5190124511719,43.91211700439453,140.03173828125,105.13999938964844
2023-10-18,173.96572875976562,324.6015625,42.171146392822266,138.33335876464844,102.16999816894531
2023-10-19,173.5897674560547,325.7913513183594,42.07620620727539,138.03538513183594,102.4000015258789
2023-10-20,171.0372772216797,321.2189636230469,41.362613677978516,135.81060791015625,101.80999755859375
2023-10-23,171.15597534179688,323.8247375488281,42.94968795776367,136.96273803710938,100.01000213623047
2023-10-24,171.59132385253906,325.0145568847656,43.637271881103516,139.16763305664062,101.66999816894531
2023-10-25,169.27627563476562,334.98541259765625,41.75438690185547,125.80905151367188,96.05999755859375
2023-10-26,165.11114501953125,322.4186706542969,40.30224609375,122.60100555419922,93.66999816894531
2023-10-27,166.4269561767578,324.3066101074219,40.47614288330078,122.56127166748047,96.43000030517578
2023-10-30,168.47486877441406,331.6814270019531,41.136756896972656,124.89530944824219,96.18000030517578
2023-10-31,168.9497833251953,332.46807861328125,40.75597381591797,124.44837188720703,98.5
2023-11-01,172.11566162109375,340.2952575683594,42.30007553100586,126.70294189453125,108.04000091552734
2023-11-02,175.6772918701172,342.5077209472656,43.48037338256836,127.7060775756836,107.83000183105469
2023-11-03,174.76708984375,346.9129638671875,44.97848892211914,129.48391723632812,112.25
2023-11-06,177.31959533691406,350.5807189941406,45.72404861450195,130.5565643310547,111.75
2023-11-07,179.8820037841797,354.5140075683594,45.92793273925781,131.50010681152344,113.44999694824219
2023-11-08,180.94061279296875,357.13946533203125,46.54656982421875,132.354248046875,113.58999633789062
2023-11-09,180.46568298339844,354.6712646484375,46.92234802246094,130.79493713378906,113.48999786376953
2023-11-10,184.65611267089844,363.50146484375,48.30652618408203,133.14883422851562,118.58999633789062
2023-11-13,183.07106018066406,360.56134033203125,48.59136199951172,132.73167419433594,116.79000091552734
2023-11-14,185.6864013671875,364.0914611816406,49.626747131347656,134.509521484375,119.87999725341797
2023-11-15,186.2510528564453,364.2392578125,48.85920333862305,135.45306396484375,118.0
2023-11-16,187.93515014648438,370.6437683105469,49.45085144042969,137.75730895996094,119.83000183105469
2023-11-17,187.9153289794922,364.4165954589844,49.26896667480469,136.00926208496094,120.62000274658203
2023-11-20,189.6588897705078,371.8951416015625,50.37930679321289,136.9825897216797,121.52999877929688
2023-11-21,188.8564453125,367.5893249511719,49.91457748413086,137.67784118652344,119.16000366210938
2023-11-22,189.52020263671875,372.299072265625,48.68730545043945,139.06832885742188,122.51000213623047
2023-11-24,188.1927032470703,371.88525390625,47.74785614013672,137.2805633544922,122.30999755859375
2023-11-27,188.01438903808594,373.04791259765625,48.21358871459961,137.11170959472656,122.6500015258789
2023-11-28,188.61868286132812,377.077880859375,47.79282760620117,137.67784118652344,122.01000213623047
2023-11-29,187.59832763671875,373.28436279296875,48.11164093017578,135.47293090820312,123.8499984741211
2023-11-30,188.1729278564453,373.3434753417969,46.74244689941406,133.00978088378906,121.16000366210938
2023-12-01,189.4508514404297,369.0081481933594,46.737457275390625,132.41387939453125,121.38999938964844
2023-12-04,187.65774536132812,363.717041015625,45.48319625854492,129.7421417236328,118.56999969482422
2023-12-05,191.61044311523438,367.0473327636719,46.54266357421875,131.4901885986328,118.37999725341797
2023-12-06,190.52072143554688,363.3820495605469,45.48019790649414,130.53668212890625,116.81999969482422
2023-12-07,192.45248413085938,365.5004577636719,46.5726432800293,137.50897216796875,128.3699951171875
2023-12-08,193.8790283203125,368.73223876953125,47.48219299316406,135.7113037109375,128.9199981689453
2023-12-11,191.3726806640625,365.8453063964844,46.60363006591797,133.78448486328125,134.41000366210938
2023-12-12,192.88841247558594,368.8800354003906,47.63311767578125,132.73167419433594,137.61000061035156
2023-12-13,196.10797119140625,368.8702087402344,48.063899993896484,133.05943298339844,138.19000244140625
2023-12-14,196.25657653808594,360.55419921875,48.325767517089844,132.294677734375,138.0
2023-12-15,195.7216339111328,365.28369140625,48.86549758911133,132.93032836914062,139.14999389648438
2023-12-18,194.05734252929688,367.1755065917969,50.05189895629883,136.25755310058594,138.89999389648438
2023-12-19,195.09751892089844,367.7764892578125,49.57913589477539,137.161376953125,140.14999389648438
2023-12-20,193.00726318359375,365.17529296875,48.086891174316406,138.7107696533203,135.47000122070312
2023-12-21,192.858642578125,368.0523986816406,48.965450286865234,140.8362274169922,139.91000366210938
2023-12-22,191.78875732421875,369.0771179199219,48.80552673339844,141.7499542236328,139.60000610351562
2023-12-26,191.24391174316406,369.15594482421875,49.25429916381836,141.84930419921875,143.41000366210938
2023-12-27,191.3429718017578,368.5746154785156,49.392234802246094,140.47866821289062,146.07000732421875
2023-12-28,191.76895141601562,369.7668151855469,49.4971809387207,140.3197479248047,148.75999450683594
2023-12-29,190.728759765625,370.5156555175781,49.4971809387207,139.97213745117188,147.41000366210938
2024-01-02,183.90322875976562,365.4216003417969,48.143856048583984,138.6114501953125,138.5800018310547
2024-01-03,182.52621459960938,365.1555480957031,47.54515838623047,139.406005859375,135.32000732421875
2024-01-04,180.20811462402344,362.5346984863281,47.97394561767578,137.10177612304688,136.00999450683594
2024-01-05,179.4849395751953,362.347412109375,49.0723876953125,136.45619201660156,138.5800018310547
2024-01-08,183.823974609375,369.18548583984375,52.226810455322266,139.57485961914062,146.17999267578125
2024-01-09,183.40789794921875,370.26934814453125,53.11336898803711,141.591064453125,149.25999450683594
2024-01-10,184.4480743408203,377.1467590332031,54.32276153564453,142.82264709472656,148.5399932861328
2024-01-11,183.8536834716797,378.9794616699219,54.79452133178711,142.69351196289062,148.02000427246094
2024-01-12,184.1806182861328,382.7630615234375,54.68258285522461,143.2596435546875,146.55999755859375
2024-01-16,181.91201782226562,384.53662109375,56.3537483215332,143.10072326660156,158.74000549316406
2024-01-17,180.97088623046875,383.74835205078125,56.0249137878418,141.91880798339844,160.1699981689453
2024-01-18,186.86526489257812,388.0837097167969,57.0783805847168,144.0045166015625,162.6699981689453
2024-01-19,189.76783752441406,392.81317138671875,59.461185455322266,146.9642791748047,174.22999572753906
2024-01-22,192.07603454589844,390.6849670410156,59.62410354614258,146.7060546875,168.17999267578125
2024-01-23,193.35398864746094,393.0398254394531,59.842994689941406,147.66946411132812,168.4199981689453
2024-01-24,192.68035888671875,396.6460876464844,61.33124542236328,149.32809448242188,178.2899932861328
2024-01-25,192.35340881347656,398.9221496582031,61.58612823486328,152.5957489013672,180.3300018310547
2024-01-26,190.61976623535156,397.9959411621094,61.00041198730469,152.7447052001953,177.25
2024-01-29,189.93626403808594,403.70086669921875,62.43369674682617,153.78759765625,177.8300018310547
2024-01-30,186.28074645996094,402.5874938964844,62.74253845214844,152.009765625,172.05999755859375
2024-01-31,182.67481994628906,391.73919677734375,61.49617004394531,140.8362274169922,167.69000244140625
2024-02-01,185.11183166503906,397.8481140136719,62.995418548583984,141.74005126953125,170.47999572753906
2024-02-02,184.11126708984375,405.1788635253906,66.12683868408203,142.5643768310547,177.66000366210938
2024-02-05,185.92413330078125,399.690673828125,69.29725646972656,143.94496154785156,174.22999572753906
2024-02-06,187.5290069580078,399.53302001953125,68.18881225585938,144.4216766357422,167.8800048828125
2024-02-07,187.63795471191406,407.9672546386719,70.0638656616211,145.68304443359375,170.94000244140625
2024-02-08,186.55816650390625,408.0263977050781,69.60609436035156,146.21937561035156,169.35000610351562
2024-02-09,187.32192993164062,414.3717956542969,72.09687042236328,149.19900512695312,172.47999572753906
2024-02-12,185.63568115234375,409.1594543457031,72.21179962158203,147.7191162109375,171.91000366210938
2024-02-13,183.54275512695312,400.3507995605469,72.09186553955078,145.3751678466797,171.5399932861328
2024-02-14,182.65992736816406,404.2203674316406,73.86297607421875,146.13992309570312,178.6999969482422
2024-02-15,182.372314453125,401.32806396484375,72.62158203125,142.96168518066406,176.75999450683594
2024-02-16,180.83485412597656,398.86029052734375,72.57661437988281,140.79647827148438,173.8699951171875
2024-02-20,180.0908966064453,397.6065673828125,69.41720581054688,141.23350524902344,165.69000244140625
2024-02-21,180.8447723388672,397.00445556640625,67.43818664550781,142.86233520507812,164.2899932861328
2024-02-22,182.87814331054688,406.3525695800781,78.49864196777344,144.33230590820312,181.86000061035156
2024-02-23,181.0431365966797,405.0594177246094,78.77751159667969,144.30250549316406,176.52000427246094
2024-02-26,179.69415283203125,402.29547119140625,79.05237579345703,137.80694580078125,176.00999450683594
2024-02-27,181.1522674560547,402.2362060546875,78.66155242919922,139.1477813720703,178.0
2024-02-28,179.95204162597656,402.47320556640625,77.62408447265625,136.49594116210938,176.5399932861328
2024-02-29,179.28746032714844,408.3170166015625,79.07234954833984,138.82994079589844,192.52999877929688
2024-03-01,178.20628356933594,410.15301513671875,82.23776245117188,137.1415252685547,202.63999938964844
2024-03-04,173.6831817626953,409.58050537109375,85.19428253173828,133.28787231445312,205.36000061035156
2024-03-05,168.7434844970703,397.4684143066406,85.9249496459961,132.87071228027344,205.1300048828125
2024-03-06,167.75155639648438,396.91558837890625,88.65970611572266,131.6590118408203,210.6300048828125
2024-03-07,167.63253784179688,403.8749084472656,92.62689971923828,134.32080078125,211.3800048828125
2024-03-08,169.34854125976562,400.9924621582031,87.48823547363281,135.36366271972656,207.38999938964844
2024-03-11,171.35220336914062,399.3143005371094,85.73503112792969,137.99566650390625,198.38999938964844
2024-03-12,171.82830810546875,409.9358825683594,91.87125396728516,138.67103576660156,202.75999450683594
2024-03-13,169.7453155517578,409.7581787109375,90.8467025756836,139.813232421875,194.7899932861328
2024-03-14,171.6001434326172,419.7479553222656,87.904052734375,143.35894775390625,187.05999755859375
2024-03-15,171.22325134277344,411.06121826171875,87.7970962524414,141.20372009277344,191.05999755859375
2024-03-18,172.31436157226562,411.94964599609375,88.4148178100586,147.47080993652344,190.64999389648438
2024-03-19,174.6552734375,415.987060546875,89.35739135742188,146.9146270751953,181.4199981689453
2024-03-20,177.22427368164062,419.7578430175781,90.33094787597656,148.66265869140625,179.72999572753906
2024-03-21,169.98336791992188,423.8445129394531,91.3934555053711,147.72906494140625,178.67999267578125
2024-03-22,170.885986328125,423.2226257324219,94.24615478515625,150.73846435546875,179.64999389648438
2024-03-25,169.4675750732422,417.4183044433594,94.9588394165039,150.12266540527344,178.6300048828125
2024-03-26,168.3367919921875,416.2239074707031,92.51895141601562,150.6689453125,177.8699951171875
2024-03-27,171.90765380859375,416.0067138671875,90.20899963378906,150.9073028564453,179.58999633789062
2024-03-28,170.09246826171875,415.305908203125,90.31495666503906,151.22512817382812,180.49000549316406
2024-04-01,168.6542205810547,419.1063232421875,90.32195281982422,155.43630981445312,183.33999633789062
2024-04-02,167.47384643554688,416.0166320800781,89.41136169433594,154.8105926513672,178.6999969482422
2024-04-03,168.2772674560547,415.0393371582031,88.92359161376953,155.30718994140625,180.77000427246094
2024-04-04,167.45401000976562,412.5024108886719,85.86597442626953,150.9073028564453,165.8300018310547
2024-04-05,168.2078399658203,420.0440673828125,87.96802520751953,152.89370727539062,170.4199981689453
2024-04-08,167.0869903564453,419.12603759765625,87.09341430664062,155.07876586914062,169.89999389648438
2024-04-09,168.29710388183594,420.7943420410156,85.3152084350586,157.06515502929688,170.77999877929688
2024-04-10,166.4224090576172,417.8132019042969,86.99945831298828,156.58843994140625,167.13999938964844
2024-04-11,173.62364196777344,422.4230651855469,90.57483673095703,159.6971435546875,170.5
2024-04-12,175.1214599609375,416.4706726074219,88.14593505859375,158.1080322265625,163.27999877929688
2024-04-15,171.2926788330078,408.3170166015625,85.96192169189453,155.26748657226562,160.32000732421875
2024-04-16,168.00946044921875,409.24481201171875,87.37528991699219,154.939697265625,163.4600067138672
2024-04-17,166.64064025878906,406.5401306152344,83.996826171875,155.81373596191406,154.02000427246094
2024-04-18,165.68836975097656,399.0675048828125,84.63252258300781,156.3897705078125,155.0800018310547
2024-04-19,163.66490173339844,393.9838562011719,76.1653823852539,154.66160583496094,146.63999938964844
2024-04-22,164.4980926513672,395.8001403808594,79.48187255859375,156.87643432617188,148.63999938964844
2024-04-23,165.5495147705078,402.3251647949219,82.38555145263672,158.83306884765625,152.27000427246094
2024-04-24,167.65237426757812,403.7958984375,79.64080810546875,160.0050506591797,151.74000549316406
2024-04-25,168.51535034179688,393.9048767089844,82.59446716308594,156.87643432617188,153.75999450683594
2024-04-26,167.93011474609375,401.0911560058594,87.69515228271484,172.50949096679688,157.39999389648438
2024-04-29,172.0961151123047,397.07354736328125,87.71713256835938,166.7588348388672,160.1999969482422
2024-04-30,168.95176696777344,384.3197937011719,86.36276245117188,163.52098083496094,158.3800048828125
2024-05-01,167.93011474609375,389.85760498046875,83.00326538085938,164.44467163085938,144.27000427246094
2024-05-02,171.62994384765625,392.7203063964844,85.77801513671875,167.3150177001953,146.16000366210938
2024-05-03,181.89617919921875,401.4267883300781,88.74866485595703,167.84141540527344,150.60000610351562
2024-05-06,180.23971557617188,408.21826171875,92.09813690185547,168.67572021484375,155.77999877929688
2024-05-07,180.92410278320312,404.0722961425781,90.51285552978516,171.80429077148438,154.42999267578125
2024-05-08,181.26138305664062,405.2568664550781,90.37092590332031,169.99667358398438,153.6199951171875
2024-05-09,183.07655334472656,407.01397705078125,88.70668029785156,170.41383361816406,152.38999938964844
2024-05-10,181.8151092529297,409.40283203125,89.83717346191406,169.132568359375,151.9199981689453
2024-05-13,185.02333068847656,408.3959045410156,90.3579330444336,169.73843383789062,150.55999755859375
2024-05-14,186.1655731201172,411.1993713378906,91.31450653076172,170.76144409179688,153.16000366210938
2024-05-15,188.44015502929688,418.3887634277344,94.58700561523438,172.6981964111328,159.6699981689453
2024-05-16,188.55931091308594,416.32196044921875,94.3161392211914,174.2376251220703,162.6199951171875
2024-05-17,188.589111328125,415.55059814453125,92.43698120117188,176.08499145507812,164.47000122070312
2024-05-20,189.751220703125,420.62371826171875,94.73694610595703,177.24705505371094,166.3300018310547
2024-05-21,191.05239868164062,424.2827453613281,95.34266662597656,178.3197021484375,164.66000366210938
2024-05-22,189.61216735839844,425.74627685546875,94.90685272216797,176.79019165039062,165.52000427246094
2024-05-23,185.61929321289062,422.2653503417969,103.7518539428711,173.8701629638672,160.42999267578125
2024-05-24,188.69834899902344,425.39031982421875,106.4206314086914,175.13153076171875,166.36000061035156
2024-05-28,188.70831298828125,425.5484924316406,113.8492431640625,176.81004333496094,171.61000061035156
2024-05-29,189.00628662109375,424.4112854003906,114.77283477783203,176.19424438476562,165.13999938964844
2024-05-30,189.99951171875,410.0720520019531,110.44979858398438,172.38035583496094,166.75
2024-05-31,190.95306396484375,410.5269775390625,109.58319091796875,172.7776336669922,166.89999389648438
2024-06-03,192.7210235595703,408.9347839355469,114.94774627685547,173.23451232910156,163.5500030517578
2024-06-04,193.0388946533203,411.45654296875,116.38409423828125,173.93971252441406,159.99000549316406
2024-06-05,194.5486297607422,419.3084716796875,122.3843765258789,175.86651611328125,166.1699981689453
2024-06-06,193.16799926757812,419.81280517578125,120.94303894042969,177.13780212402344,166.77999877929688
2024-06-07,195.56178283691406,419.1502990722656,120.83308410644531,174.7541046142578,167.8699951171875
2024-06-10,191.8171844482422,423.12567138671875,121.73467254638672,175.62911987304688,160.33999633789062
2024-06-11,205.75253295898438,427.8823547363281,120.8650131225586,177.18028259277344,158.9600067138672
2024-06-12,211.6326141357422,436.16943359375,125.15340423583984,178.54251098632812,160.24000549316406
2024-06-13,212.7947235107422,436.68365478515625,129.561767578125,175.73849487304688,159.89999389648438
2024-06-14,211.0565185546875,437.66265869140625,131.83091735839844,177.35923767089844,159.6300048828125
2024-06-17,215.2083282470703,443.39837646484375,130.93125915527344,177.7669219970703,158.39999389648438
2024-06-18,212.8443603515625,441.390869140625,135.529541015625,175.45013427734375,154.6300048828125
2024-06-20,208.26547241210938,440.7580261230469,130.7313232421875,176.7030029296875,161.77999877929688
2024-06-21,206.09027099609375,444.792724609375,126.52288818359375,179.23854064941406,161.22999572753906
2024-06-24,206.73583984375,442.7061767578125,118.06603240966797,179.76553344726562,160.25
2024-06-25,207.6595916748047,445.9497985839844,126.0430679321289,184.52841186523438,160.25
2024-06-26,211.8114013671875,447.1463928222656,126.35295104980469,184.319580078125,157.5399932861328
2024-06-27,212.65567016601562,447.8287048339844,123.94384765625,185.8011474609375,159.47000122070312
2024-06-28,209.19912719726562,441.9941711425781,123.4940185546875,182.38064575195312,162.2100067138672
2024-07-01,215.28778076171875,451.66571044921875,124.25374603271484,183.444580078125,157.69000244140625
2024-07-02,218.78402709960938,454.1873779296875,122.62434387207031,185.5525665283203,164.30999755859375
2024-07-03,220.05538940429688,455.6608581542969,128.2322540283203,186.32815551757812,163.89999389648438
2024-07-05,224.81307983398438,462.3755798339844,125.78317260742188,190.8722686767578,171.89999389648438
2024-07-08,226.28311157226562,461.0702209472656,128.15228271484375,189.400634765625,178.69000244140625
2024-07-09,227.1372833251953,454.44451904296875,131.33111572265625,189.36085510253906,177.10000610351562
2024-07-10,231.4082794189453,461.08013916015625,134.85980224609375,191.5682830810547,183.9600067138672
2024-07-11,226.03480529785156,449.658203125,127.35258483886719,186.23867797851562,181.94000244140625
2024-07-12,228.9847412109375,448.5209045410156,129.19190979003906,185.72161865234375,181.61000061035156
2024-07-15,232.81869506835938,448.9263610839844,128.3922119140625,187.1236114501953,179.8300018310547
2024-07-16,233.23590087890625,444.53564453125,126.31297302246094,184.44886779785156,177.5500030517578
2024-07-17,227.33595275878906,438.6021423339844,117.94608306884766,181.5851593017578,159.42999267578125
2024-07-18,222.66766357421875,435.4870910644531,121.044921875,178.2044677734375,155.77000427246094
2024-07-19,222.79676818847656,432.26324462890625,117.8861083984375,178.37347412109375,151.5800018310547
2024-07-22,222.44915771484375,438.028564453125,123.4940185546875,182.31103515625,155.8699951171875
2024-07-23,223.49205017089844,439.91741943359375,122.54436492919922,182.55963134765625,154.0
2024-07-24,217.06568908691406,424.1442565917969,114.20747375488281,173.38192749023438,144.6300048828125
2024-07-25,216.0227813720703,413.7606506347656,112.23821258544922,168.20144653320312,138.32000732421875
2024-07-26,216.4896240234375,420.5544738769531,113.0179214477539,167.7241668701172,139.99000549316406
2024-07-29,216.7677459716797,421.9983215332031,111.54846954345703,170.16029357910156,139.75
2024-07-30,217.32394409179688,418.2305908203125,103.69139862060547,170.8861541748047,138.44000244140625
2024-07-31,220.5818328857422,413.71124267578125,116.97643280029297,172.16883850097656,144.47999572753906
2024-08-01,216.8869171142578,412.4849853515625,109.16935729980469,171.47279357910156,132.5399932861328
2024-08-02,218.37680053710938,403.9605407714844,107.23007202148438,167.4457550048828,132.5
2024-08-05,207.85826110839844,390.7684631347656,100.41261291503906,159.729736328125,134.82000732421875
2024-08-06,205.83200073242188,395.1790466308594,104.21119689941406,159.63027954101562,130.17999267578125
2024-08-07,208.404541015625,394.0121154785156,98.8731918334961,159.839111328125,128.6699981689453
2024-08-08,211.87098693847656,398.2248840332031,104.9309310913086,162.91160583496094,136.32000732421875
2024-08-09,214.78123474121094,401.5179748535156,104.71101379394531,164.45281982421875,134.27000427246094
2024-08-12,216.31260681152344,402.2991638183594,108.97942352294922,163.02096557617188,136.77000427246094
2024-08-13,220.03167724609375,409.41937255859375,116.09677124023438,164.98974609375,141.1300048828125
2024-08-14,220.47915649414062,412.23779296875,118.03606414794922,161.11183166503906,140.75
2024-08-15,223.4623565673828,417.1119689941406,122.81427001953125,162.2454071044922,147.36000061035156
2024-08-16,224.78494262695312,414.5758056640625,124.53363800048828,163.80650329589844,148.55999755859375
2024-08-19,224.62582397460938,417.6072998046875,129.95159912109375,167.4457550048828,155.27999877929688
2024-08-20,225.24234008789062,420.846923828125,127.20264434814453,168.00259399414062,156.39999389648438
2024-08-21,225.13296508789062,420.19305419921875,128.45217895507812,166.6801300048828,157.80999755859375
2024-08-22,223.2734375,411.6829833984375,123.69393920898438,164.55224609375,151.6999969482422
2024-08-23,225.57049560546875,412.9114074707031,129.32183837890625,166.4812469482422,154.97999572753906
2024-08-26,225.90859985351562,409.64215087890625,126.4129409790039,166.97842407226562,149.99000549316406
2024-08-27,226.7538299560547,409.9888916015625,128.25225830078125,165.43719482421875,150.5
2024-08-28,225.2224578857422,406.779052734375,125.5632553100586,163.56785583496094,146.36000061035156
2024-08-29,228.50399780273438,409.27557373046875,117.54623413085938,162.47409057617188,145.49000549316406
2024-08-30,227.7184295654297,413.2582092285156,119.32557678222656,164.1743927001953,148.55999755859375
2024-09-03,221.52328491210938,405.6298522949219,107.95980072021484,157.7112274169922,136.94000244140625
2024-09-04,219.61402893066406,405.0948791503906,106.17047119140625,156.91575622558594,140.8699951171875
2024-09-05,221.13546752929688,404.5896301269531,107.17009735107422,157.70130920410156,139.44000244140625
2024-09-06,219.58421325683594,397.96185302734375,102.7917251586914,151.2679443359375,134.35000610351562
2024-09-09,219.67369079589844,401.9444885253906,106.43037414550781,148.8883514404297,138.14999389648438
2024-09-10,218.878173828125,410.3455810546875,108.05976104736328,149.35629272460938,142.83999633789062
2024-09-11,221.41390991210938,419.1033020019531,116.86649322509766,151.4869842529297,149.86000061035156
2024-09-12,221.52328491210938,423.0263977050781,119.10585021972656,154.86221313476562,150.77000427246094
2024-09-13,221.25479125976562,426.5830078125,119.06584930419922,157.67987060546875,152.30999755859375
2024-09-16,215.10939025878906,427.3260192871094,116.74651336669922,158.2971954345703,152.0800018310547
2024-09-17,215.5767364501953,431.1005859375,115.5568618774414,159.58155822753906,150.82000732421875
2024-09-18,219.4549102783203,426.8009948730469,113.33749389648438,160.1092529296875,148.2899932861328
2024-09-19,227.58914184570312,434.607666015625,117.8362045288086,162.52865600585938,156.74000549316406
2024-09-20,226.92288208007812,431.2194519042969,115.96674346923828,163.92254638671875,155.9499969482422
2024-09-23,225.2025909423828,429.475830078125,116.22667694091797,162.3594207763672,156.75
2024-09-24,226.0975341796875,425.17626953125,120.8353500366211,162.9269256591797,158.32000732421875
2024-09-25,225.10311889648438,428.0888671875,123.47459411621094,162.27976989746094,162.02000427246094
2024-09-26,226.2467041015625,427.2962951660156,124.00444030761719,163.11610412597656,167.49000549316406
2024-09-27,226.5151824951172,424.0368957519531,121.36520385742188,164.56971740722656,164.35000610351562
2024-09-30,231.696044921875,426.29571533203125,121.40518951416016,166.46145629882812,164.0800018310547
2024-10-01,224.9440460205078,416.775146484375,116.9664535522461,167.6861114501953,159.75
2024-10-02,225.51084899902344,413.248291015625,118.81592559814453,166.58091735839844,159.77999877929688
2024-10-03,224.40704345703125,412.6637878417969,122.81478118896484,166.4813690185547,162.85000610351562
2024-10-04,225.5307159423828,412.1882629394531,124.88418579101562,167.82546997070312,170.89999389648438
2024-10-07,220.44932556152344,405.7289123535156,127.68338775634766,163.6736602783203,170.97000122070312
2024-10-08,224.50650024414062,410.85076904296875,132.85189819335938,164.97793579101562,172.8000030517578
2024-10-09,228.25538635253906,413.5751953125,132.61196899414062,162.34942626953125,171.02000427246094
2024-10-10,227.75819396972656,411.97027587890625,134.7713623046875,162.46890258789062,164.17999267578125
2024-10-11,226.2765350341797,412.4458312988281,134.76136779785156,163.80308532714844,167.88999938964844
2024-10-14,230.00555419921875,415.2396240234375,138.0304412841797,165.6251220703125,165.27000427246094
2024-10-15,232.541259765625,414.8432922363281,131.56228637695312,166.17269897460938,156.63999938964844
2024-10-16,230.4828338623047,412.2476501464844,135.68109130859375,166.013427734375,156.1300048828125
2024-10-17,230.85079956054688,412.84210205078125,136.8907470703125,163.79312133789062,156.25
2024-10-18,233.68482971191406,414.2687072753906,137.96043395996094,164.33078002929688,155.97000122070312
2024-10-21,235.15655517578125,414.88287353515625,143.66880798339844,165.0775146484375,157.89999389648438
2024-10-22,234.54002380371094,423.5317077636719,143.54885864257812,166.09307861328125,154.08999633789062
2024-10-23,229.46856689453125,420.6487731933594,139.51998901367188,163.7632598876953,152.91000366210938
2024-10-24,229.27964782714844,420.7775573730469,140.3697509765625,163.81304931640625,153.44000244140625
2024-10-25,230.11492919921875,424.16571044921875,141.49942016601562,166.26231384277344,156.22999572753906
2024-10-28,232.0937957763672,422.6202392578125,140.47972106933594,167.60643005371094,159.9199981689453
2024-10-29,232.36228942871094,427.93035888671875,141.20950317382812,170.3942413330078,166.25
2024-10-30,228.81227111816406,428.50494384765625,139.300048828125,175.37245178222656,148.60000610351562
2024-10-31,224.64572143554688,402.568603515625,132.72195434570312,171.93748474121094,144.07000732421875
2024-11-01,221.66250610351562,406.5511779785156,135.36119079589844,171.8976593017578,141.86000061035156
2024-11-04,220.76751708984375,404.6589660644531,136.01100158691406,169.9362335205078,140.7100067138672
2024-11-05,222.199462890625,407.6310119628906,139.86988830566406,170.66307067871094,141.66000366210938
2024-11-06,221.47357177734375,416.2698974609375,145.5682373046875,177.5529022216797,145.10000610351562
2024-11-07,226.20692443847656,421.47100830078125,148.83734130859375,181.48568725585938,149.82000732421875
2024-11-08,225.93814086914062,418.6079406738281,147.58767700195312,179.0762481689453,147.9499969482422
2024-11-11,223.2204132080078,414.1200866699219,145.21835327148438,181.1770477294922,147.35000610351562
2024-11-12,223.2204132080078,419.0933532714844,148.24746704101562,182.52117919921875,143.6300048828125
2024-11-13,224.10641479492188,421.2431945800781,146.22805786132812,179.70350646972656,139.3000030517578
2024-11-14,227.19244384765625,422.91748046875,146.71791076660156,176.57717895507812,138.83999633789062
2024-11-15,223.98695373535156,411.1380920410156,141.9392852783203,173.1322479248047,134.89999389648438
2024-11-18,226.99337768554688,411.8910217285156,140.10980224609375,176.02955627441406,138.92999267578125
2024-11-19,227.25218200683594,413.90216064453125,146.9678497314453,178.79745483398438,139.38999938964844
2024-11-20,227.96896362304688,411.6235046386719,145.84817504882812,176.55726623535156,137.60000610351562
2024-11-21,227.49111938476562,409.8466491699219,146.62796020507812,168.50253295898438,137.49000549316406
2024-11-22,228.83502197265625,413.9464111328125,141.9093017578125,165.8441619873047,138.35000610351562
2024-11-25,231.82151794433594,415.7232971191406,135.9810028076172,168.69168090820312,141.1300048828125
2024-11-26,234.00167846679688,424.8559265136719,136.88075256347656,169.8765106201172,137.72000122070312
2024-11-27,233.8722381591797,419.89251708984375,135.3011932373047,170.0756378173828,136.24000549316406
2024-11-29,236.26144409179688,420.3591003417969,138.2103729248047,169.7470703125,137.17999267578125
2024-12-02,238.5112762451172,427.82403564453125,138.5902557373047,172.22621154785156,142.05999755859375
2024-12-03,241.55747985839844,428.04241943359375,140.2198028564453,172.26605224609375,141.97999572753906
2024-12-04,241.91587829589844,434.2168884277344,145.09840393066406,175.32266235351562,143.99000549316406
2024-12-05,241.9457244873047,439.3787841796875,145.02841186523438,173.55043029785156,141.36000061035156
2024-12-06,241.7466278076172,440.32183837890625,142.4089813232422,175.72093200683594,138.58999633789062
2024-12-09,245.63902282714844,442.75384521484375,138.77975463867188,176.5283203125,130.8699951171875
2024-12-10,246.65443420410156,440.0835876464844,135.04058837890625,185.92787170410156,127.73999786376953
2024-12-11,245.38021850585938,445.7021484375,139.27964782714844,196.07501220703125,130.14999389648438
2024-12-12,246.84359741210938,446.26800537109375,137.31008911132812,193.0049591064453,130.60000610351562
2024-12-13,247.0128173828125,443.9947509765625,134.22076416015625,190.76220703125,126.91000366210938
2024-12-16,249.90972900390625,448.2831115722656,131.9712371826172,197.52032470703125,126.69000244140625
2024-12-17,252.33872985839844,451.1320495605469,130.36160278320312,196.4836883544922,125.0199966430664
2024-12-18,246.9331817626953,434.1871032714844,128.88192749023438,189.5361785888672,121.41000366210938
2024-12-19,248.6653289794922,433.8297119140625,130.65151977539062,189.08763122558594,118.87999725341797
2024-12-20,253.34417724609375,433.40289306640625,134.670654296875,192.33712768554688,119.20999908447266
2024-12-23,254.1206817626953,432.06280517578125,139.6395721435547,195.3573455810547,124.5999984741211
2024-12-24,257.0374755859375,436.11285400390625,140.18946838378906,196.93223571777344,126.29000091552734
2024-12-26,257.8537902832031,434.9018249511719,139.89952087402344,196.4637451171875,125.05999755859375
2024-12-27,254.43922424316406,427.3773193359375,136.98016357421875,193.4136199951172,125.19000244140625
2024-12-30,251.06448364257812,421.71905517578125,137.46005249023438,192.06797790527344,122.44000244140625
2024-12-31,249.29251098632812,418.4134521484375,134.26075744628906,189.8252410888672,120.79000091552734
2025-01-02,242.75209045410156,415.51483154296875,138.27987670898438,190.01463317871094,120.62999725341797
2025-01-03,242.26429748535156,420.24993896484375,144.43853759765625,192.50657653808594,125.37000274658203
2025-01-06,243.89691162109375,424.7169494628906,149.39744567871094,197.32098388671875,129.5500030517578
2025-01-07,241.11947631835938,419.2770690917969,140.10946655273438,196.07501220703125,127.33000183105469
2025-01-08,241.60726928710938,421.4510192871094,140.07948303222656,194.75927734375,121.83999633789062
2025-01-10,235.78359985351562,415.88214111328125,135.8804168701172,192.54641723632812,116.04000091552734
2025-01-13,233.34463500976562,414.135009765625,133.20098876953125,191.66928100585938,117.31999969482422
2025-01-14,232.2296905517578,412.62615966796875,131.73129272460938,190.4332733154297,116.08999633789062
2025-01-15,236.79901123046875,423.188232421875,136.21034240722656,196.34413146972656,119.95999908447266
2025-01-16,227.23228454589844,421.4708557128906,133.54090881347656,193.78244018554688,118.44000244140625
2025-01-17,228.9445343017578,425.8883361816406,137.6800079345703,196.9123077392578,121.45999908447266
2025-01-21,221.6375732421875,425.3622131347656,140.79933166503906,198.98558044433594,122.27999877929688
2025-01-22,222.8222198486328,442.9326171875,147.03799438476562,199.38429260253906,123.75
2025-01-23,222.65301513671875,443.4388122558594,147.1879425048828,198.9357452392578,123.04000091552734
2025-01-24,221.77694702148438,440.8082580566406,142.58892822265625,201.24826049804688,122.83999633789062
2025-01-27,228.82508850097656,431.3778381347656,118.39420318603516,193.1444854736328,115.01000213623047
2025-01-28,237.187255859375,443.9252624511719,128.9619140625,196.43386840820312,114.16999816894531
2025-01-29,238.28228759765625,439.0909118652344,123.67305755615234,196.54347229003906,117.3499984741211
2025-01-30,236.520263671875,411.95111083984375,124.62285614013672,201.97589111328125,118.86000061035156
2025-01-31,234.9374237060547,412.0205993652344,120.04385375976562,204.93630981445312,115.94999694824219
2025-02-03,226.9833984375,407.9109191894531,116.63459777832031,201.98587036132812,114.2699966430664
2025-02-04,231.7518310546875,409.3503112792969,118.62416076660156,207.0395050048828,119.5
2025-02-05,231.42332458496094,410.26361083984375,124.80281829833984,192.67601013183594,112.01000213623047
2025-02-06,232.16995239257812,412.7750244140625,128.65196228027344,192.68597412109375,110.16000366210938
2025-02-07,226.60513305664062,406.7494812011719,129.81170654296875,186.53590393066406,107.55999755859375
2025-02-10,226.8741912841797,409.201416015625,133.54090881347656,187.59246826171875,110.4800033569336
2025-02-11,231.8272705078125,408.4270935058594,132.77108764648438,186.46612548828125,111.0999984741211
2025-02-12,236.06277465820312,406.0447082519531,131.11143493652344,184.83140563964844,111.72000122070312
2025-02-13,240.70687866210938,407.53369140625,135.26052856445312,187.2735137939453,111.80999755859375
2025-02-14,243.76646423339844,405.43914794921875,138.81976318359375,186.26675415039062,113.0999984741211
2025-02-18,243.6368865966797,406.64031982421875,139.36964416503906,185.20022583007812,114.27999877929688
2025-02-19,244.03549194335938,411.73272705078125,139.19967651367188,186.52593994140625,114.69000244140625
2025-02-20,244.9922332763672,413.91107177734375,140.07948303222656,186.03750610351562,114.16999816894531
2025-02-21,244.71319580078125,406.03326416015625,134.4007110595703,180.99383544921875,110.83999633789062
2025-02-24,246.25791931152344,401.8457336425781,130.2516326904297,180.6051025390625,108.11000061035156
2025-02-25,246.1981201171875,395.77825927734375,126.60242462158203,176.7974395751953,103.95999908447266
2025-02-26,239.5408935546875,397.5985412597656,131.2514190673828,174.1360626220703,104.73999786376953
2025-02-27,236.49131774902344,390.4368896484375,120.12384033203125,169.66055297851562,99.51000213623047
2025-02-28,241.01583862304688,394.87310791015625,124.89279174804688,171.66407775878906,99.86000061035156
2025-03-03,237.2188262939453,386.4184265136719,114.03515625,168.11557006835938,98.2300033569336
2025-03-04,235.1259765625,386.53778076171875,115.96473693847656,172.0528106689453,100.75
2025-03-05,234.93663024902344,398.8816223144531,117.27445220947266,174.4251251220703,101.66999816894531
2025-03-06,234.52804565429688,394.773681640625,110.5459213256836,173.6476287841797,98.8499984741211
2025-03-07,238.2552947998047,391.2127380371094,112.66545867919922,175.18267822265625,100.30999755859375
2025-03-10,226.70477294921875,378.1328430175781,106.95669555664062,167.4588623046875,96.62999725341797
2025-03-11,220.08741760253906,378.4213562011719,108.73631286621094,165.6326904296875,96.76000213623047
2025-03-12,216.24057006835938,381.2262878417969,115.7254409790039,168.6463623046875,100.79000091552734
2025-03-13,208.96542358398438,376.750244140625,115.56546020507812,164.3852996826172,98.11000061035156
2025-03-14,212.76246643066406,386.4880676269531,121.65469360351562,167.26925659179688,100.97000122070312
2025-03-17,213.27072143554688,386.6273193359375,119.51496124267578,166.22145080566406,104.58999633789062
2025-03-18,211.96519470214844,381.4749450683594,115.41547393798828,162.32960510253906,103.51000213623047
2025-03-19,214.50650024414062,385.75201416015625,117.50521087646484,165.9320526123047,106.2300033569336
2025-03-20,213.37037658691406,384.7772521972656,118.51508331298828,164.7046356201172,107.13999938964844
2025-03-21,217.52618408203125,389.1736755371094,117.68518829345703,165.90213012695312,106.44000244140625
2025-03-24,219.977783203125,390.98394775390625,121.39472961425781,169.5744171142578,113.8499984741211
2025-03-25,222.98748779296875,393.0528869628906,120.67481994628906,172.42843627929688,114.80999755859375
2025-03-26,220.77505493164062,387.89056396484375,113.74568939208984,166.79025268554688,110.19000244140625
2025-03-27,223.08717346191406,388.4972839355469,111.41598510742188,163.73666381835938,106.6500015258789
2025-03-28,217.15740966796875,376.78009033203125,109.65620422363281,155.7334442138672,103.22000122070312
2025-03-31,221.37301635742188,373.3883056640625,108.36636352539062,155.90309143066406,102.73999786376953
2025-04-01,222.4293975830078,380.1520080566406,110.13613891601562,158.54754638671875,102.77999877929688
2025-04-02,223.12701416015625,380.1023254394531,110.4061050415039,158.527587890625,102.95999908447266
2025-04-03,202.49755859375,371.12042236328125,101.78719329833984,152.3106231689453,93.80000305175781
2025-04-04,187.738037109375,357.92120361328125,94.29813385009766,147.4308624267578,85.76000213623047
2025-04-07,180.84161376953125,355.9517822265625,97.6277084350586,148.92771911621094,83.63999938964844
2025-04-08,171.83242797851562,352.66937255859375,96.28788757324219,146.27328491210938,78.20999908447266
2025-04-09,198.17234802246094,388.40777587890625,114.31561279296875,160.72299194335938,96.83999633789062
2025-04-10,189.7710723876953,379.3165283203125,107.55646514892578,155.04489135742188,88.69999694824219
2025-04-11,197.4747314453125,386.378662109375,110.9160385131836,159.0664520263672,93.4000015258789
2025-04-14,201.82984924316406,385.7420654296875,110.6960678100586,161.13214111328125,94.5
2025-04-15,201.4511260986328,383.6731872558594,112.18588256835938,158.34796142578125,95.29000091552734
2025-04-16,193.6079559326172,369.6284484863281,104.47685241699219,155.17462158203125,88.29000091552734
2025-04-17,196.3087158203125,365.8188781738281,101.47722625732422,153.0391082763672,87.5
2025-04-21,192.50172424316406,357.2050476074219,96.89781188964844,149.54641723632812,85.55999755859375
2025-04-22,199.059326171875,364.864013671875,98.87755584716797,153.5779571533203,86.26000213623047
2025-04-23,203.90274047851562,372.3936462402344,102.69707489013672,157.38998413085938,90.38999938964844
2025-04-24,207.659912109375,385.2347717285156,106.4166030883789,161.13214111328125,94.47000122070312
2025-04-25,208.56680297851562,389.7605285644531,110.99604034423828,163.50714111328125,96.6500015258789
2025-04-28,209.4238739013672,389.07421875,108.71631622314453,162.08013916015625,96.38999938964844
2025-04-29,210.490234375,391.9388732910156,109.00627899169922,161.72088623046875,96.05999755859375
2025-04-30,211.7758331298828,393.15234375,108.90629577636719,160.55332946777344,97.3499984741211
2025-05-01,212.59304809570312,423.1316223144531,111.59595489501953,162.44935607910156,96.6500015258789
2025-05-02,204.65020751953125,432.9589538574219,114.485595703125,165.46304321289062,98.80000305175781
2025-05-05,198.21221923828125,433.8442077636719,113.80567932128906,165.70254516601562,100.58999633789062
2025-05-06,197.83349609375,430.99945068359375,113.52571868896484,164.8543243408203,98.62000274658203
2025-05-07,195.58120727539062,431.03924560546875,117.04527282714844,152.4802703857422,100.36000061035156
2025-05-08,196.81698608398438,435.83355712890625,117.35523986816406,155.42410278320312,101.69999694824219
2025-05-09,197.8534393310547,436.3905334472656,116.63532257080078,154.0569610595703,102.83999633789062
2025-05-12,210.3471221923828,446.8644104003906,122.98452758789062,159.24607849121094,108.12000274658203
2025-05-13,212.48263549804688,446.74505615234375,129.9136505126953,160.55332946777344,112.45999908447266
2025-05-14,211.8839111328125,450.5247802734375,135.32296752929688,166.4609375,117.72000122070312
2025-05-15,211.00575256347656,451.54119873046875,134.8130340576172,165.05389404296875,114.98999786376953
2025-05-16,210.81614685058594,452.6772155761719,135.38296508789062,167.07965087890625,117.16999816894531
2025-05-19,208.3413543701172,457.26104736328125,135.55294799804688,167.5187225341797,114.73999786376953
2025-05-20,206.42539978027344,456.56353759765625,134.3630828857422,164.97409057617188,113.51000213623047
2025-05-21,201.66542053222656,450.983154296875,131.78341674804688,169.7041473388672,112.05999755859375
2025-05-22,200.93695068359375,453.26513671875,132.81329345703125,171.62013244628906,110.70999908447266
2025-05-23,194.8597412109375,448.6015625,131.2734832763672,169.23513793945312,110.30999755859375
2025-05-27,199.78936767578125,459.0746765136719,135.48294067382812,173.61593627929688,114.55999755859375
2025-05-28,199.99893188476562,455.7563781738281,134.7930450439453,173.0172119140625,112.86000061035156
2025-05-29,199.5299072265625,457.0717468261719,139.17250061035156,172.5980987548828,113.02999877929688
2025-05-30,200.4280242919922,458.7458190917969,135.11300659179688,172.48831176757812,110.7300033569336
2025-06-02,201.27622985839844,460.3502197265625,137.3627166748047,170.01348876953125,114.62999725341797
2025-06-03,202.8429412841797,461.3467102050781,141.2022247314453,167.3590850830078,117.30999755859375
2025-06-04,202.3938751220703,462.2435302734375,141.9021453857422,169.03555297851562,118.58000183105469
2025-06-05,200.20848083496094,466.0401611328125,139.97239685058594,169.4546661376953,115.69000244140625
2025-06-06,203.49156188964844,468.730712890625,141.70216369628906,174.55397033691406,116.19000244140625
2025-06-09,201.02674865722656,471.0924072265625,142.612060546875,177.47137451171875,121.7300033569336
2025-06-10,202.24420166015625,469.2688293457031,143.94189453125,179.8492431640625,123.23999786376953
2025-06-11,198.36236572265625,470.9628601074219,142.8219451904297,178.63034057617188,121.13999938964844
2025-06-12,198.78147888183594,477.1909484863281,144.9918212890625,176.8119659423828,118.5
2025-06-13,196.03726196289062,473.2946472167969,141.9619903564453,175.7229461669922,116.16000366210938
2025-06-16,198.0031280517578,477.46002197265625,144.6818389892578,177.78109741210938,126.38999938964844
2025-06-17,195.2289581298828,476.3638610839844,144.1118621826172,177.0717315673828,127.0999984741211
2025-06-18,196.1669921875,478.5561218261719,145.47178649902344,173.8246307373047,126.79000091552734
2025-06-20,200.5777130126953,475.7261047363281,143.84188842773438,167.58021545410156,128.24000549316406
2025-06-23,201.07664489746094,484.2959289550781,144.161865234375,165.86175537109375,129.5800018310547
2025-06-24,199.87918090820312,488.3915100097656,147.8916473388672,167.5902099609375,138.42999267578125
2025-06-25,201.1365203857422,490.5439453125,154.30130004882812,171.3368682861328,143.39999389648438
2025-06-26,200.5777130126953,495.705810546875,155.01126098632812,174.27423095703125,143.67999267578125
2025-06-27,200.6575469970703,494.20111083984375,157.74110412597656,178.11080932617188,143.80999755859375
2025-06-30,204.7389373779297,495.66595458984375,157.98109436035156,177.23159790039062,141.89999389648438
2025-07-01,207.3833770751953,490.3247375488281,153.29136657714844,176.7520294189453,136.11000061035156
2025-07-02,211.99366760253906,489.36810302734375,157.2411346435547,179.59947204589844,138.52000427246094
2025-07-03,213.10133361816406,497.0909423828125,159.3310089111328,180.38877868652344,137.91000366210938
2025-07-07,209.50889587402344,495.974853515625,158.2310791015625,177.4014434814453,134.8000030517578
2025-07-08,209.5687713623047,494.8786926269531,159.99098205566406,175.0035858154297,137.82000732421875
2025-07-09,210.69639587402344,501.74456787109375,162.87081909179688,177.50135803222656,138.41000366210938
2025-07-10,211.9637451171875,499.7216796875,164.09075927734375,178.54042053222656,144.16000366210938
2025-07-11,210.7163543701172,501.55523681640625,164.91070556640625,181.14808654785156,146.4199981689453
2025-07-14,208.1816864013672,501.2562561035156,164.06076049804688,182.64674377441406,146.24000549316406
2025-07-15,208.67066955566406,504.04644775390625,170.69036865234375,182.93649291992188,155.61000061035156
2025-07-16,209.7184600830078,503.8471374511719,171.36033630371094,183.60589599609375,160.0800018310547
2025-07-17,209.57875061035156,509.9058532714844,172.99024963378906,184.53506469726562,160.41000366210938
2025-07-18,210.73631286621094,508.2616271972656,172.40028381347656,185.77395629882812,156.99000549316406
2025-07-21,212.03358459472656,508.2715759277344,171.37034606933594,190.9792938232422,157.0
2025-07-22,213.9495391845703,503.4983825683594,167.0205841064453,191.93844604492188,154.72000122070312
2025-07-23,213.7000732421875,504.0962829589844,170.77037048339844,191.33897399902344,158.64999389648438
2025-07-24,213.31089782714844,509.0887145996094,173.73020935058594,193.0274658203125,162.1199951171875
2025-07-25,213.43064880371094,511.9088439941406,173.49021911621094,193.9066925048828,166.47000122070312
2025-07-28,213.6002960205078,510.7030334472656,176.7400360107422,193.2472686767578,173.66000366210938
2025-07-29,210.8261260986328,510.7727966308594,175.50009155273438,196.25457763671875,177.44000244140625
2025-07-30,208.6107940673828,511.4404296875,179.25990295410156,197.26368713378906,179.50999450683594
2025-07-31,207.1339111328125,531.62939453125,177.85997009277344,192.68777465820312,176.30999755859375
2025-08-01,201.95480346679688,522.2723388671875,173.710205078125,189.78036499023438,171.6999969482422
2025-08-04,202.9227752685547,533.7619018554688,179.98985290527344,195.5751953125,176.77999877929688
2025-08-05,202.49366760253906,525.8995361328125,178.24993896484375,195.1455841064453,174.30999755859375
2025-08-06,212.8019561767578,523.0994262695312,179.40988159179688,196.74415588378906,163.1199951171875
2025-08-07,219.56771850585938,519.0138549804688,180.7598114013672,197.10382080078125,172.39999389648438
2025-08-08,228.86813354492188,520.2095947265625,182.689697265625,201.90953063964844,172.75999450683594
2025-08-11,226.95997619628906,519.9405517578125,182.0497283935547,201.449951171875,172.27999877929688
2025-08-12,229.42758178710938,527.3843383789062,183.14967346191406,203.97769165039062,174.9499969482422
2025-08-13,233.10403442382812,518.7547607421875,181.5797576904297,202.84869384765625,184.4199981689453
2025-08-14,232.5545654296875,520.6480102539062,182.00973510742188,203.63800048828125,180.9499969482422
2025-08-15,231.36570739746094,518.3461303710938,180.4398193359375,204.72702026367188,177.50999450683594
2025-08-18,230.66639709472656,515.286865234375,181.99972534179688,204.10755920410156,176.13999938964844
2025-08-19,230.3367156982422,507.98260498046875,175.63009643554688,202.30918884277344,166.5500030517578
2025-08-20,225.79110717773438,503.9468078613281,175.39010620117188,200.01123046875,165.1999969482422
2025-08-21,224.68218994140625,503.2980041503906,174.97012329101562,200.4408416748047,163.7100067138672
2025-08-22,227.53941345214844,506.2824401855469,177.97996520996094,206.535400390625,167.75999450683594
2025-08-25,226.94000244140625,503.3179931640625,179.79986572265625,208.9732208251953,163.36000061035156
2025-08-26,229.08792114257812,501.1021423339844,181.75975036621094,207.76429748535156,166.6199951171875
2025-08-27,230.26678466796875,505.7933349609375,181.5897674560547,208.02407836914062,167.1300048828125
2025-08-28,232.33477783203125,508.68792724609375,180.1598358154297,212.1803436279297,168.5800018310547
2025-08-29,231.91517639160156,505.7434387207031,174.170166015625,213.3393096923828,162.6300048828125
2025-09-02,229.49752807617188,504.1763610839844,170.77037048339844,211.8007049560547,162.32000732421875
2025-09-03,238.2390594482422,504.40594482421875,170.61038208007812,230.8936309814453,162.1300048828125
2025-09-04,239.5477752685547,507.02105712890625,171.65032958984375,232.45223999023438,161.7899932861328
2025-09-05,239.45787048339844,494.0752868652344,167.01058959960938,234.95999145507812,151.13999938964844
2025-09-08,237.64962768554688,497.2693176269531,168.30050659179688,234.16000366210938,151.41000366210938
2025-09-09,234.123046875,497.4789123535156,170.7503662109375,239.94000244140625,155.82000732421875
2025-09-10,226.5703582763672,499.43524169921875,177.32000732421875,239.55999755859375,159.5399932861328
2025-09-11,229.80722045898438,500.0740661621094,177.1699981689453,240.77999877929688,155.6699981689453
2025-09-12,233.84332275390625,508.94744873046875,177.82000732421875,241.3800048828125,158.57000732421875
2025-09-15,236.47076416015625,514.397216796875,177.75,251.75999450683594,161.16000366210938
2025-09-16,237.9193572998047,508.08905029296875,174.8800048828125,251.4199981689453,160.4600067138672
2025-09-17,238.75856018066406,509.06719970703125,170.2899932861328,249.85000610351562,159.16000366210938
2025-09-18,237.64962768554688,507.5001525878906,176.24000549316406,252.3300018310547,157.9199981689453
2025-09-19,245.26223754882812,516.96240234375,176.6699981689453,255.24000549316406,157.38999938964844
2025-09-22,255.8319854736328,513.4889526367188,183.61000061035156,252.8800048828125,159.7899932861328
2025-09-23,254.18359375,508.2787170410156,178.42999267578125,252.33999633789062,160.89999389648438
2025-09-24,252.06564331054688,509.19696044921875,176.97000122070312,247.8300018310547,160.8800048828125
2025-09-25,256.6212158203125,506.0827941894531,177.69000244140625,246.57000732421875,161.27000427246094
2025-09-26,255.2126007080078,510.5045166015625,178.19000244140625,247.17999267578125,159.4600067138672
2025-09-29,254.18359375,513.6386108398438,181.85000610351562,244.36000061035156,161.36000061035156
2025-09-30,254.38340759277344,516.982421875,186.5800018310547,243.5500030517578,161.7899932861328
2025-10-01,255.20260620117188,518.7391357421875,187.24000549316406,245.5399932861328,164.00999450683594
2025-10-02,256.8809814453125,514.7765502929688,188.88999938964844,246.42999267578125,169.72999572753906
2025-10-03,257.7701110839844,516.3834838867188,187.6199951171875,246.4499969482422,164.6699981689453
2025-10-06,256.44140625,527.5825805664062,185.5399932861328,251.50999450683594,203.7100067138672
2025-10-07,256.23162841796875,523.0010986328125,185.0399932861328,247.1300048828125,211.50999450683594
2025-10-08,257.8100891113281,523.8695068359375,189.11000061035156,245.4600067138672,235.55999755859375
2025-10-09,253.79396057128906,521.4241333007812,192.57000732421875,242.2100067138672,232.88999938964844
2025-10-10,245.032470703125,510.0054626464844,183.16000366210938,237.49000549316406,214.89999389648438
2025-10-13,247.42015075683594,513.0896606445312,188.32000732421875,244.63999938964844,216.4199981689453
2025-10-14,247.53004455566406,512.610595703125,180.02999877929688,246.19000244140625,218.08999633789062
2025-10-15,249.09852600097656,512.4708251953125,179.8300018310547,251.7100067138672,238.60000610351562
2025-10-16,247.21035766601562,510.65423583984375,181.80999755859375,251.8800048828125,234.55999755859375
2025-10-17,252.045654296875,512.62060546875,183.22000122070312,253.7899932861328,233.0800018310547
2025-10-20,261.98602294921875,515.8245239257812,182.63999938964844,257.0199890136719,240.55999755859375
2025-10-21,262.5155029296875,516.6929321289062,181.16000366210938,251.33999633789062,238.02999877929688
2025-10-22,258.19970703125,519.5675659179688,180.27999877929688,252.52999877929688,230.22999572753906
2025-10-23,259.3285827636719,519.5875244140625,182.16000366210938,253.72999572753906,234.99000549316406
2025-10-24,262.56549072265625,522.6318359375,186.25999450683594,260.510009765625,252.9199981689453
2025-10-27,268.5496520996094,530.527099609375,191.49000549316406,269.92999267578125,259.6700134277344
2025-10-28,268.7394714355469,541.057373046875,201.02999877929688,268.42999267578125,258.010009765625
2025-10-29,269.4388122558594,540.538330078125,207.0399932861328,275.1700134277344,264.3299865722656
2025-10-30,271.13714599609375,524.77783203125,202.88999938964844,281.8999938964844,254.83999633789062
2025-10-31,270.108154296875,516.8426513671875,202.49000549316406,281.82000732421875,256.1199951171875
2025-11-03,268.7894287109375,516.0641479492188,206.8800048828125,284.1199951171875,259.6499938964844
2025-11-04,269.7784729003906,513.3692016601562,198.69000244140625,278.05999755859375,250.0500030517578
2025-11-05,269.8783874511719,506.2125549316406,195.2100067138672,284.75,256.3299865722656
2025-11-06,269.50872802734375,496.1713562011719,188.0800018310547,285.3399963378906,237.6999969482422
2025-11-07,268.2099914550781,495.8918762207031,188.14999389648438,279.70001220703125,233.5399932861328
2025-11-10,269.42999267578125,505.0547180175781,199.0500030517578,290.5899963378906,243.97999572753906
2025-11-11,275.25,507.7297058105469,193.16000366210938,291.739990234375,237.52000427246094
2025-11-12,273.4700012207031,510.1851501464844,193.8000030517578,287.42999267578125,258.8900146484375
2025-11-13,272.95001220703125,502.34979248046875,186.86000061035156,279.1199951171875,247.9600067138672
2025-11-14,272.4100036621094,509.2268981933594,190.1699981689453,276.9800109863281,246.80999755859375
2025-11-17,267.4599914550781,506.54193115234375,186.60000610351562,285.6000061035156,240.52000427246094
2025-11-18,267.44000244140625,492.8675537109375,181.36000061035156,284.9599914550781,230.2899932861328
2025-11-19,268.55999755859375,486.2099914550781,186.52000427246094,292.989990234375,223.5500030517578
2025-11-20,266.25,478.42999267578125,180.63999938964844,289.9800109863281,206.02000427246094
2025-11-21,271.489990234375,472.1199951171875,178.8800048828125,299.6499938964844,203.77999877929688
2025-11-24,275.9200134277344,474.0,182.5500030517578,318.4700012207031,215.0500030517578
2025-11-25,276.9700012207031,476.989990234375,177.82000732421875,323.6400146484375,206.1300048828125
2025-11-26,277.54998779296875,485.5,180.25999450683594,320.2799987792969,214.24000549316406
2025-11-28,278.8500061035156,492.010009765625,177.0,320.1199951171875,217.52999877929688
2025-12-01,283.1000061035156,486.739990234375,179.9199981689453,315.1199951171875,219.75999450683594
2025-12-02,286.19000244140625,490.0,181.4600067138672,316.0199890136719,215.24000549316406
